stage,backend,threads,size,format,input,cells,bytes,file_sha256,mesh_sha256,module_sha256,source_commit,reader,input_dtypes,read_s,write_s,timing_repeats,timing_warmup,allocations,requested_bytes,allocation_repeats,writer_allocations,writer_requested_bytes,writer_allocation_repeats
before,seq,1,M,dex,points,46656,2632814,1baa269c7dcdb6199bec3ca3a30c7c120ff01d7ebee3d09b58d02a61c41c3c60,717369658cb2db79ac3e677c8d75fbab7c05903e7ad3b0a1bd6f50ccd0c4699d,cebb3be37de1c594b6e572a5e1f58b7159d120528821ac111af942b47b8740ae,b75ff79,strict Python dispatch,float64-int64,0.014732300998730352,0.05797914099821355,7,1,140039,11991315,3,15,9028,3
before,seq,1,M,ensight,volume,257250,4676656,4ee0372a518fb6fc517cdbb1eaafe74863f088fe9436c517490cbfed742a3f9b,97274077327a0db85a23b5d8b951c2c37e0e7748887fc1cbc60c69bb72d45dda,cebb3be37de1c594b6e572a5e1f58b7159d120528821ac111af942b47b8740ae,b75ff79,strict Python dispatch,float64-int64,0.0024899390009522904,0.005617741000605747,7,1,61,16287538,3,30,11051588,3
before,seq,1,M,flac3d,volume,257250,12657537,3a8d72bed4413c0eb06387ec1f38eb6e61cb158e2547088e7abcf08d578929fa,5138fe1033d4b0fa23381923571d1c7e9ee5e0f9f45106ef3469bf873ba45436,cebb3be37de1c594b6e572a5e1f58b7159d120528821ac111af942b47b8740ae,b75ff79,strict Python dispatch,float64-int64,0.11316177299886476,0.1772274400027527,7,1,818519,51326222,3,257270,14415056,3
before,seq,1,M,h5m,volume,257250,1103743,2f504650fb2a965c9b8c7ca6f088fef972f3bdfee6c35442ca3cd3a9cebe9372,b75000fa8593dbaa596ff6e8ef0f556fa27c8cecb99667d804a9fb43410c8b78,cebb3be37de1c594b6e572a5e1f58b7159d120528821ac111af942b47b8740ae,b75ff79,strict Python dispatch,float64-int64,0.022447688999818638,0.08286686899737106,7,1,61,12842010,3,41,21192407,3
before,seq,1,M,lsdyna,volume,257250,23496751,1160a434114a985a5822a82ea9bda400575644cd5c87389794fc3d6fead78922,89f146b2622358f6c51b63107008f6aafe40d13502e20d55c32cad88e4438cb7,cebb3be37de1c594b6e572a5e1f58b7159d120528821ac111af942b47b8740ae,b75ff79,strict Python dispatch,float64-int64,0.32840232200032915,0.37040742300087004,7,1,2034298,264180471,3,643182,104060256,3
before,seq,1,M,marc,volume,257250,19005099,17c6c72163babf7b782ce522111654c088e0b3b3b910e1357eb4d23b6e87ae40,29b9b1f7ff681463051c70c6f075f2cc639965c37f2883a46c160cea9f8e0b06,cebb3be37de1c594b6e572a5e1f58b7159d120528821ac111af942b47b8740ae,b75ff79,strict Python dispatch,float64-int64,0.2749612400002661,0.7042613919984433,7,1,2806066,218386247,3,2196816,210095649,3
before,seq,1,M,mdpa,volume,257250,12202607,4155e71d03325d0d0f3bd62c9f912eee3bfb2b7567a4da8f0e7a69ab99d36c6f,9c657b462145e0ce8f0b09bab80dc599b3b004a8ef70bc7ca37a4457bc73730e,cebb3be37de1c594b6e572a5e1f58b7159d120528821ac111af942b47b8740ae,b75ff79,strict Python dispatch,float64-int64,1.2210960340016754,0.15540817100190907,7,1,0,0,3,303952,14180718,3
before,seq,1,M,mfem,volume,257250,9633628,f747c735c8542b210a2a1e86e528db4315be9c1cda69db7cdbed800a8155332e,ebbd39e4e17e2789a02b52798b26e20d4b9420a539498574987d1bf15fd8029f,cebb3be37de1c594b6e572a5e1f58b7159d120528821ac111af942b47b8740ae,b75ff79,strict Python dispatch,float64-int64,0.274558146000345,0.13820164000208024,7,1,1511950,328124762,3,1286346,126613779,3
before,seq,1,M,mff,surface,14700,2,1467fc71e31a32cf0699f2658d00a250fc4e8a3c33275bb6265c9a021985e5ba,0101a54843ac1f44502d412afa968d5d727e29fb2415ac82f8926fbcc4f558e6,cebb3be37de1c594b6e572a5e1f58b7159d120528821ac111af942b47b8740ae,b75ff79,strict Python dispatch,float64-int64,2.0764000510098413e-05,0.00019127700215904042,7,1,21,9052,3,9,8700,3
before,seq,1,M,mfm,volume,257250,16885867,93a87fc0c1b90ad1199a62da8a5f54b3ef6931a59716de99c13a24a230620f00,40725438684cf8ac3cba22ea3d34d5814b46e8e4e3470766c71cc52437d72de1,cebb3be37de1c594b6e572a5e1f58b7159d120528821ac111af942b47b8740ae,b75ff79,strict Python dispatch,float64-int64,0.13706522500069696,0.22949509300087811,7,1,57,279846329,3,10,2066700,3
before,seq,1,M,openfoam,volume,257250,19831278,fe1349dc3e4a2a08f704e6865b05c2e06868c8604d7eac2e7f643e9d0e1a79ed,9bb4ff1bd00ced8549bf152e72940fe9f1c5d3b21872b71e90673e8483b45125,cebb3be37de1c594b6e572a5e1f58b7159d120528821ac111af942b47b8740ae,b75ff79,strict Python dispatch,float64-int64,0.4348474250000436,0.8466644939981052,7,1,8565331,425730433,3,6431784,565726783,3
before,seq,1,M,vtkhdf,volume,257250,1368327,6e7c58ce254767eeb130336ea38659c797b78dbb1ece7097338ae4b15772fa38,10abc12dd13ca22319e89dd1b9ad612dfa83fddc80cf1117e9ac35838c35aaa9,cebb3be37de1c594b6e572a5e1f58b7159d120528821ac111af942b47b8740ae,b75ff79,strict Python dispatch,float64-int64,0.0288797440007329,0.10193250099837314,7,1,84,40488549,3,168,63013131,3
before,seq,1,M,vtp,surface,14700,129604,09c34b322f98ac1d1a868f2cbed3118777a6898cb91fd222e81b1b6f43b0e360,4040e64f53d248a2407ae664acdd5a587436ca7c2f7376c9d869cfc14bfc7233,cebb3be37de1c594b6e572a5e1f58b7159d120528821ac111af942b47b8740ae,b75ff79,strict Python dispatch,float64-int64,0.0024529120018996764,0.019005166002898477,7,1,135,4318735,3,88,2498679,3
before,seq,1,M,xdmf,volume,257250,1017323,26d2b6ed808e8c91e4ecb160704ac96f8240822e25328577e88c9b251c410c8c,10abc12dd13ca22319e89dd1b9ad612dfa83fddc80cf1117e9ac35838c35aaa9,cebb3be37de1c594b6e572a5e1f58b7159d120528821ac111af942b47b8740ae,b75ff79,strict Python dispatch,float64-int64,0.01707492000059574,0.07002933999683592,7,1,72,12478215,3,34,12587096,3
before,seq,1,M,xyz,surface,14700,300849,056f0656fde92c6baeafaa073f835ae4b8457c12ac7f9cbf07caf6263887b9ea,d1a30f4de2f0fbdc8095d2822ca0d85fca32c0f213fc7fb379b22569c4945eb3,cebb3be37de1c594b6e572a5e1f58b7159d120528821ac111af942b47b8740ae,b75ff79,strict Python dispatch,float64-int64,0.0019806319978670217,0.006835865999164525,7,1,29487,2377833,3,36,69395,3
before,seq,1,L,dex,points,175616,10422799,c4e55c281d530abba4de25876d9902347a5cf29df1d708049935d759487e3bda,0e7c741deb074324a5524a3941f6699225772c906f570dd54816e68865bfeae9,cebb3be37de1c594b6e572a5e1f58b7159d120528821ac111af942b47b8740ae,b75ff79,strict Python dispatch,float64-int64,0.05563221499687643,0.21492435899926932,7,1,526923,46858424,3,15,9028,3
before,seq,1,L,ensight,volume,998250,18080176,d59e6bd55c3e1e73bd251da8f3bca8dffd4215e72d7b1c431f6db5605e18c27c,6a7796c6ddd3f5a4b6d23ec1d3f4002308640ee8603ad1e6284e7bbac83a6641,cebb3be37de1c594b6e572a5e1f58b7159d120528821ac111af942b47b8740ae,b75ff79,strict Python dispatch,float64-int64,0.007370567000180017,0.020894449000479653,7,1,53,44599183,3,30,42501188,3
before,seq,1,L,flac3d,volume,998250,51381665,1e7d093ec7218c0364da758d4ddc0b21dc81b4fe2fb63ae6abf2427e65bd0113,c6660913a5ec2a2a9d20752b7fca94e57b66b76fb44487d75c2822e8ab9ea037,cebb3be37de1c594b6e572a5e1f58b7159d120528821ac111af942b47b8740ae,b75ff79,strict Python dispatch,float64-int64,0.38552012499712873,0.6917254799991497,7,1,3170487,201686814,3,998270,55911056,3
before,seq,1,L,h5m,volume,998250,4210232,0d187a34c7484ac04bd250fbcdcf32adeb5ebcfd5e9bcb40c9f9f9e87e9d3a06,4ddd47fd8e1b7801d6d93377892635f3e7b8f909631b121a6b7d5b777fbaaab6,cebb3be37de1c594b6e572a5e1f58b7159d120528821ac111af942b47b8740ae,b75ff79,strict Python dispatch,float64-int64,0.08275102699917625,0.3082710720009345,7,1,94,44907250,3,73,76354853,3
before,seq,1,L,lsdyna,volume,998250,90868471,ffb9069cf528134a0cf35e3da71b5e7607d57ae04cf07dd4b689e69d82ab9385,07564f1a09f6b556eea01a40059a72a4c605a0cf925700a6bb8e5efd66b03628,cebb3be37de1c594b6e572a5e1f58b7159d120528821ac111af942b47b8740ae,b75ff79,strict Python dispatch,float64-int64,1.4620778569988033,1.7622778600016318,7,1,7866122,1039883648,3,2496041,405855521,3
before,seq,1,L,marc,volume,998250,73362259,b8dcb98b60bacce06c00b3f4982b39115df24fa29635459f3fcf5c32dce5152a,8109f93962286e96cfc3ac2811a6348ffa87ce1a9572247a668f528924ed6ec6,cebb3be37de1c594b6e572a5e1f58b7159d120528821ac111af942b47b8740ae,b75ff79,strict Python dispatch,float64-int64,1.1393290609994438,2.896276660001604,7,1,10860888,858475847,3,8501578,827897651,3
before,seq,1,L,mdpa,volume,998250,49745512,c5e02e014950022083b60edc01bb07c501024ce22403443e130e2792ae83f128,fe35d76da8b40bc7506634b51a58220e962a2182df259a6741a3431a2e177033,cebb3be37de1c594b6e572a5e1f58b7159d120528821ac111af942b47b8740ae,b75ff79,strict Python dispatch,float64-int64,5.189457071999641,0.6059372749987233,7,1,0,0,3,1173916,56530510,3
before,seq,1,L,mfem,volume,998250,39683925,799ce40400a43232016ad98eb1b747e47576b816b7d460f9d533ba576f4256c9,bca631908768869472344413ac867025ad2aaf0c55580a44c9fed5cd25e71dc2,cebb3be37de1c594b6e572a5e1f58b7159d120528821ac111af942b47b8740ae,b75ff79,strict Python dispatch,float64-int64,1.2934382670027844,0.6236115469982906,7,1,5850718,1268210733,3,4991354,502281525,3
before,seq,1,L,mff,surface,36300,2,1467fc71e31a32cf0699f2658d00a250fc4e8a3c33275bb6265c9a021985e5ba,0101a54843ac1f44502d412afa968d5d727e29fb2415ac82f8926fbcc4f558e6,cebb3be37de1c594b6e572a5e1f58b7159d120528821ac111af942b47b8740ae,b75ff79,strict Python dispatch,float64-int64,2.1414001821540296e-05,0.00012969199815415777,7,1,21,9052,3,9,8700,3
before,seq,1,L,mfm,volume,998250,67529437,6484a190f08e4dd09aa8a69a2c4a797c9bac7319e9d4e96b658ce85c57ad045c,2d40661747f5d1456781b71453bdcf73bd779f7287cb99891fb32dfd138e8173,cebb3be37de1c594b6e572a5e1f58b7159d120528821ac111af942b47b8740ae,b75ff79,strict Python dispatch,float64-int64,0.6308897199996863,0.9109482769999886,7,1,59,1117887737,3,10,7994700,3
before,seq,1,L,openfoam,volume,998250,81744063,de7285cb400e0961d316038e7a5d09684709e0b6b981703aef9e4930a34730d4,7a73ebf0a9d3be561b3d883e4645bb7f5916ed67ae9dfab9194761fa47445a41,cebb3be37de1c594b6e572a5e1f58b7159d120528821ac111af942b47b8740ae,b75ff79,strict Python dispatch,float64-int64,1.7421345670009032,3.4555474480002886,7,1,33498991,1638674225,3,24957323,2189397782,3
before,seq,1,L,vtkhdf,volume,998250,5244914,b0c04858f0f79b3f30a699992f59fec0f6f3e9e01144a30877067713c102594d,a6c1ab90618909845d63861225b578fa46d8de677758f5e8215762e030f0315f,cebb3be37de1c594b6e572a5e1f58b7159d120528821ac111af942b47b8740ae,b75ff79,strict Python dispatch,float64-int64,0.11953581700072391,0.37823449799907394,7,1,84,156956589,3,210,236646397,3
before,seq,1,L,vtp,surface,36300,322177,4e4a7ad5e58605e53b6c3c483262da255dc032da27c55e563bac22019f7e0319,b0e9714e47b7e3e948d39b311cdb707004c32406041d20412b1b9429fa1aa77e,cebb3be37de1c594b6e572a5e1f58b7159d120528821ac111af942b47b8740ae,b75ff79,strict Python dispatch,float64-int64,0.00574966400017729,0.04632430200217641,7,1,142,11347277,3,120,6074226,3
before,seq,1,L,xdmf,volume,998250,3927097,620a3abba77726c60f9d93332c239be4c2178056fdc3e58a21907c677caac8d8,a6c1ab90618909845d63861225b578fa46d8de677758f5e8215762e030f0315f,cebb3be37de1c594b6e572a5e1f58b7159d120528821ac111af942b47b8740ae,b75ff79,strict Python dispatch,float64-int64,0.06100846900153556,0.25741545900018536,7,1,98,42195782,3,60,39859404,3
before,seq,1,L,xyz,surface,36300,752529,878c00fc17b9044831c132350ade6c27dbd744b793dbc949c03cf210572a76a6,d6521cf3b9dccca6f128bb6afe0dfcefe5309a59ff914c3ba8b103b478bc3041,cebb3be37de1c594b6e572a5e1f58b7159d120528821ac111af942b47b8740ae,b75ff79,strict Python dispatch,float64-int64,0.004666548000386683,0.016029624002840137,7,1,72693,6869193,3,36,155795,3
after,seq,1,M,dex,points,46656,2632814,1baa269c7dcdb6199bec3ca3a30c7c120ff01d7ebee3d09b58d02a61c41c3c60,717369658cb2db79ac3e677c8d75fbab7c05903e7ad3b0a1bd6f50ccd0c4699d,15445831e77bcdd65de4b6c788318e25a33dd095c45e41a4276da20e639edd45,b75ff79+hoist-diff,strict Python dispatch,float64-int64,0.015922326001600595,0.05799243300134549,7,1,140039,11991315,3,15,9028,3
after,seq,1,M,ensight,volume,257250,4676656,4ee0372a518fb6fc517cdbb1eaafe74863f088fe9436c517490cbfed742a3f9b,97274077327a0db85a23b5d8b951c2c37e0e7748887fc1cbc60c69bb72d45dda,15445831e77bcdd65de4b6c788318e25a33dd095c45e41a4276da20e639edd45,b75ff79+hoist-diff,strict Python dispatch,float64-int64,0.004039901999931317,0.004105895997781772,7,1,61,16287538,3,30,11051588,3
after,seq,1,M,flac3d,volume,257250,12657537,3a8d72bed4413c0eb06387ec1f38eb6e61cb158e2547088e7abcf08d578929fa,5138fe1033d4b0fa23381923571d1c7e9ee5e0f9f45106ef3469bf873ba45436,15445831e77bcdd65de4b6c788318e25a33dd095c45e41a4276da20e639edd45,b75ff79+hoist-diff,strict Python dispatch,float64-int64,0.11670279900135938,0.15962935399875278,7,1,818519,51326222,3,257270,14415056,3
after,seq,1,M,h5m,volume,257250,1103743,2f504650fb2a965c9b8c7ca6f088fef972f3bdfee6c35442ca3cd3a9cebe9372,b75000fa8593dbaa596ff6e8ef0f556fa27c8cecb99667d804a9fb43410c8b78,15445831e77bcdd65de4b6c788318e25a33dd095c45e41a4276da20e639edd45,b75ff79+hoist-diff,strict Python dispatch,float64-int64,0.020368862002214883,0.08085731200117152,7,1,61,12842010,3,41,21192407,3
after,seq,1,M,lsdyna,volume,257250,23496751,1160a434114a985a5822a82ea9bda400575644cd5c87389794fc3d6fead78922,89f146b2622358f6c51b63107008f6aafe40d13502e20d55c32cad88e4438cb7,15445831e77bcdd65de4b6c788318e25a33dd095c45e41a4276da20e639edd45,b75ff79+hoist-diff,strict Python dispatch,float64-int64,0.3308623669981898,0.3845878440006345,7,1,2034298,264180471,3,643182,104060256,3
after,seq,1,M,marc,volume,257250,19005099,17c6c72163babf7b782ce522111654c088e0b3b3b910e1357eb4d23b6e87ae40,29b9b1f7ff681463051c70c6f075f2cc639965c37f2883a46c160cea9f8e0b06,15445831e77bcdd65de4b6c788318e25a33dd095c45e41a4276da20e639edd45,b75ff79+hoist-diff,strict Python dispatch,float64-int64,0.27381008000156726,0.7026826170003915,7,1,2806066,218386247,3,2196817,210095689,3
after,seq,1,M,mdpa,volume,257250,12202607,4155e71d03325d0d0f3bd62c9f912eee3bfb2b7567a4da8f0e7a69ab99d36c6f,9c657b462145e0ce8f0b09bab80dc599b3b004a8ef70bc7ca37a4457bc73730e,15445831e77bcdd65de4b6c788318e25a33dd095c45e41a4276da20e639edd45,b75ff79+hoist-diff,strict Python dispatch,float64-int64,1.2298225189988443,0.1548627709998982,7,1,0,0,3,303952,14180718,3
after,seq,1,M,mfem,volume,257250,9633628,f747c735c8542b210a2a1e86e528db4315be9c1cda69db7cdbed800a8155332e,ebbd39e4e17e2789a02b52798b26e20d4b9420a539498574987d1bf15fd8029f,15445831e77bcdd65de4b6c788318e25a33dd095c45e41a4276da20e639edd45,b75ff79+hoist-diff,strict Python dispatch,float64-int64,0.2761671539992676,0.14296527899932698,7,1,1511950,328124762,3,1286346,126613779,3
after,seq,1,M,mff,surface,14700,2,1467fc71e31a32cf0699f2658d00a250fc4e8a3c33275bb6265c9a021985e5ba,0101a54843ac1f44502d412afa968d5d727e29fb2415ac82f8926fbcc4f558e6,15445831e77bcdd65de4b6c788318e25a33dd095c45e41a4276da20e639edd45,b75ff79+hoist-diff,strict Python dispatch,float64-int64,2.1183001081226394e-05,0.00012452699957066216,7,1,21,9052,3,9,8700,3
after,seq,1,M,mfm,volume,257250,16885867,93a87fc0c1b90ad1199a62da8a5f54b3ef6931a59716de99c13a24a230620f00,40725438684cf8ac3cba22ea3d34d5814b46e8e4e3470766c71cc52437d72de1,15445831e77bcdd65de4b6c788318e25a33dd095c45e41a4276da20e639edd45,b75ff79+hoist-diff,strict Python dispatch,float64-int64,0.12985654300064198,0.2302909930003807,7,1,57,279846329,3,10,2066700,3
after,seq,1,M,openfoam,volume,257250,19831278,fe1349dc3e4a2a08f704e6865b05c2e06868c8604d7eac2e7f643e9d0e1a79ed,9bb4ff1bd00ced8549bf152e72940fe9f1c5d3b21872b71e90673e8483b45125,15445831e77bcdd65de4b6c788318e25a33dd095c45e41a4276da20e639edd45,b75ff79+hoist-diff,strict Python dispatch,float64-int64,0.42627780600014376,0.8166873369991663,7,1,8565331,425730433,3,6431784,565726783,3
after,seq,1,M,vtkhdf,volume,257250,1368327,6e7c58ce254767eeb130336ea38659c797b78dbb1ece7097338ae4b15772fa38,10abc12dd13ca22319e89dd1b9ad612dfa83fddc80cf1117e9ac35838c35aaa9,15445831e77bcdd65de4b6c788318e25a33dd095c45e41a4276da20e639edd45,b75ff79+hoist-diff,strict Python dispatch,float64-int64,0.02887800799726392,0.10051041800034,7,1,84,40488549,3,168,63013131,3
after,seq,1,M,vtp,surface,14700,129604,09c34b322f98ac1d1a868f2cbed3118777a6898cb91fd222e81b1b6f43b0e360,4040e64f53d248a2407ae664acdd5a587436ca7c2f7376c9d869cfc14bfc7233,15445831e77bcdd65de4b6c788318e25a33dd095c45e41a4276da20e639edd45,b75ff79+hoist-diff,strict Python dispatch,float64-int64,0.0022988230011833366,0.019134092999593122,7,1,135,4318735,3,88,2498679,3
after,seq,1,M,xdmf,volume,257250,1017323,26d2b6ed808e8c91e4ecb160704ac96f8240822e25328577e88c9b251c410c8c,10abc12dd13ca22319e89dd1b9ad612dfa83fddc80cf1117e9ac35838c35aaa9,15445831e77bcdd65de4b6c788318e25a33dd095c45e41a4276da20e639edd45,b75ff79+hoist-diff,strict Python dispatch,float64-int64,0.016781782996986294,0.06889868800135446,7,1,72,12478215,3,34,12587096,3
after,seq,1,M,xyz,surface,14700,300849,056f0656fde92c6baeafaa073f835ae4b8457c12ac7f9cbf07caf6263887b9ea,d1a30f4de2f0fbdc8095d2822ca0d85fca32c0f213fc7fb379b22569c4945eb3,15445831e77bcdd65de4b6c788318e25a33dd095c45e41a4276da20e639edd45,b75ff79+hoist-diff,strict Python dispatch,float64-int64,0.0021016969985794276,0.006745450999005698,7,1,29487,2377833,3,38,69635,3
after,seq,1,L,dex,points,175616,10422799,c4e55c281d530abba4de25876d9902347a5cf29df1d708049935d759487e3bda,0e7c741deb074324a5524a3941f6699225772c906f570dd54816e68865bfeae9,15445831e77bcdd65de4b6c788318e25a33dd095c45e41a4276da20e639edd45,b75ff79+hoist-diff,strict Python dispatch,float64-int64,0.0607601909978257,0.2134394099994097,7,1,526923,46858424,3,15,9028,3
after,seq,1,L,ensight,volume,998250,18080176,d59e6bd55c3e1e73bd251da8f3bca8dffd4215e72d7b1c431f6db5605e18c27c,6a7796c6ddd3f5a4b6d23ec1d3f4002308640ee8603ad1e6284e7bbac83a6641,15445831e77bcdd65de4b6c788318e25a33dd095c45e41a4276da20e639edd45,b75ff79+hoist-diff,strict Python dispatch,float64-int64,0.006963388997974107,0.016590339997492265,7,1,53,44599183,3,30,42501188,3
after,seq,1,L,flac3d,volume,998250,51381665,1e7d093ec7218c0364da758d4ddc0b21dc81b4fe2fb63ae6abf2427e65bd0113,c6660913a5ec2a2a9d20752b7fca94e57b66b76fb44487d75c2822e8ab9ea037,15445831e77bcdd65de4b6c788318e25a33dd095c45e41a4276da20e639edd45,b75ff79+hoist-diff,strict Python dispatch,float64-int64,0.37234795599943027,0.6057906569985789,7,1,3170487,201686814,3,998270,55911056,3
after,seq,1,L,h5m,volume,998250,4210232,0d187a34c7484ac04bd250fbcdcf32adeb5ebcfd5e9bcb40c9f9f9e87e9d3a06,4ddd47fd8e1b7801d6d93377892635f3e7b8f909631b121a6b7d5b777fbaaab6,15445831e77bcdd65de4b6c788318e25a33dd095c45e41a4276da20e639edd45,b75ff79+hoist-diff,strict Python dispatch,float64-int64,0.07807579300060752,0.3032045410000137,7,1,94,44907250,3,73,76354853,3
after,seq,1,L,lsdyna,volume,998250,90868471,ffb9069cf528134a0cf35e3da71b5e7607d57ae04cf07dd4b689e69d82ab9385,07564f1a09f6b556eea01a40059a72a4c605a0cf925700a6bb8e5efd66b03628,15445831e77bcdd65de4b6c788318e25a33dd095c45e41a4276da20e639edd45,b75ff79+hoist-diff,strict Python dispatch,float64-int64,1.4022960600013903,1.7772282480000285,7,1,7866122,1039883648,3,2496041,405855521,3
after,seq,1,L,marc,volume,998250,73362259,b8dcb98b60bacce06c00b3f4982b39115df24fa29635459f3fcf5c32dce5152a,8109f93962286e96cfc3ac2811a6348ffa87ce1a9572247a668f528924ed6ec6,15445831e77bcdd65de4b6c788318e25a33dd095c45e41a4276da20e639edd45,b75ff79+hoist-diff,strict Python dispatch,float64-int64,1.1319979670006433,2.9696406769980968,7,1,10860888,858475847,3,8501579,827897691,3
after,seq,1,L,mdpa,volume,998250,49745512,c5e02e014950022083b60edc01bb07c501024ce22403443e130e2792ae83f128,fe35d76da8b40bc7506634b51a58220e962a2182df259a6741a3431a2e177033,15445831e77bcdd65de4b6c788318e25a33dd095c45e41a4276da20e639edd45,b75ff79+hoist-diff,strict Python dispatch,float64-int64,5.1600665759979165,0.593528580997372,7,1,0,0,3,1173916,56530510,3
after,seq,1,L,mfem,volume,998250,39683925,799ce40400a43232016ad98eb1b747e47576b816b7d460f9d533ba576f4256c9,bca631908768869472344413ac867025ad2aaf0c55580a44c9fed5cd25e71dc2,15445831e77bcdd65de4b6c788318e25a33dd095c45e41a4276da20e639edd45,b75ff79+hoist-diff,strict Python dispatch,float64-int64,1.2598982710005657,0.6009130169986747,7,1,5850718,1268210733,3,4991354,502281525,3
after,seq,1,L,mff,surface,36300,2,1467fc71e31a32cf0699f2658d00a250fc4e8a3c33275bb6265c9a021985e5ba,0101a54843ac1f44502d412afa968d5d727e29fb2415ac82f8926fbcc4f558e6,15445831e77bcdd65de4b6c788318e25a33dd095c45e41a4276da20e639edd45,b75ff79+hoist-diff,strict Python dispatch,float64-int64,1.9259998225606978e-05,0.00022097699911682867,7,1,21,9052,3,9,8700,3
after,seq,1,L,mfm,volume,998250,67529437,6484a190f08e4dd09aa8a69a2c4a797c9bac7319e9d4e96b658ce85c57ad045c,2d40661747f5d1456781b71453bdcf73bd779f7287cb99891fb32dfd138e8173,15445831e77bcdd65de4b6c788318e25a33dd095c45e41a4276da20e639edd45,b75ff79+hoist-diff,strict Python dispatch,float64-int64,0.5832807609986048,0.9132279250006832,7,1,59,1117887737,3,10,7994700,3
after,seq,1,L,openfoam,volume,998250,81744063,de7285cb400e0961d316038e7a5d09684709e0b6b981703aef9e4930a34730d4,7a73ebf0a9d3be561b3d883e4645bb7f5916ed67ae9dfab9194761fa47445a41,15445831e77bcdd65de4b6c788318e25a33dd095c45e41a4276da20e639edd45,b75ff79+hoist-diff,strict Python dispatch,float64-int64,1.9079301089986984,3.4270981699992262,7,1,33498991,1638674225,3,24957323,2189397782,3
after,seq,1,L,vtkhdf,volume,998250,5244914,b0c04858f0f79b3f30a699992f59fec0f6f3e9e01144a30877067713c102594d,a6c1ab90618909845d63861225b578fa46d8de677758f5e8215762e030f0315f,15445831e77bcdd65de4b6c788318e25a33dd095c45e41a4276da20e639edd45,b75ff79+hoist-diff,strict Python dispatch,float64-int64,0.12145976400279324,0.38085817200044403,7,1,84,156956589,3,210,236646397,3
after,seq,1,L,vtp,surface,36300,322177,4e4a7ad5e58605e53b6c3c483262da255dc032da27c55e563bac22019f7e0319,b0e9714e47b7e3e948d39b311cdb707004c32406041d20412b1b9429fa1aa77e,15445831e77bcdd65de4b6c788318e25a33dd095c45e41a4276da20e639edd45,b75ff79+hoist-diff,strict Python dispatch,float64-int64,0.005768639999587322,0.04722158799995668,7,1,142,11347277,3,120,6074226,3
after,seq,1,L,xdmf,volume,998250,3927097,620a3abba77726c60f9d93332c239be4c2178056fdc3e58a21907c677caac8d8,a6c1ab90618909845d63861225b578fa46d8de677758f5e8215762e030f0315f,15445831e77bcdd65de4b6c788318e25a33dd095c45e41a4276da20e639edd45,b75ff79+hoist-diff,strict Python dispatch,float64-int64,0.061994145002245205,0.2601846019970253,7,1,98,42195782,3,60,39859404,3
after,seq,1,L,xyz,surface,36300,752529,878c00fc17b9044831c132350ade6c27dbd744b793dbc949c03cf210572a76a6,d6521cf3b9dccca6f128bb6afe0dfcefe5309a59ff914c3ba8b103b478bc3041,15445831e77bcdd65de4b6c788318e25a33dd095c45e41a4276da20e639edd45,b75ff79+hoist-diff,strict Python dispatch,float64-int64,0.004856512998230755,0.01664433900077711,7,1,72693,6869193,3,38,156035,3
before,openmp,1,M,dex,points,46656,2632814,1baa269c7dcdb6199bec3ca3a30c7c120ff01d7ebee3d09b58d02a61c41c3c60,717369658cb2db79ac3e677c8d75fbab7c05903e7ad3b0a1bd6f50ccd0c4699d,33a59a3c6853f1c27248e03a8885c9acb1fb19d0304c7ca2f5c9c8a9acc082e4,b75ff79,strict Python dispatch,float64-int64,0.015593291998811765,0.06002489700040314,7,1,140039,11991315,3,15,9028,3
before,openmp,1,M,ensight,volume,257250,4676656,4ee0372a518fb6fc517cdbb1eaafe74863f088fe9436c517490cbfed742a3f9b,97274077327a0db85a23b5d8b951c2c37e0e7748887fc1cbc60c69bb72d45dda,33a59a3c6853f1c27248e03a8885c9acb1fb19d0304c7ca2f5c9c8a9acc082e4,b75ff79,strict Python dispatch,float64-int64,0.0025231780018657446,0.006144265000330051,7,1,61,16287538,3,30,11051588,3
before,openmp,1,M,flac3d,volume,257250,12657537,3a8d72bed4413c0eb06387ec1f38eb6e61cb158e2547088e7abcf08d578929fa,5138fe1033d4b0fa23381923571d1c7e9ee5e0f9f45106ef3469bf873ba45436,33a59a3c6853f1c27248e03a8885c9acb1fb19d0304c7ca2f5c9c8a9acc082e4,b75ff79,strict Python dispatch,float64-int64,0.10732594400178641,0.17607938200308126,7,1,818519,51326222,3,257270,14415056,3
before,openmp,1,M,h5m,volume,257250,1103743,2f504650fb2a965c9b8c7ca6f088fef972f3bdfee6c35442ca3cd3a9cebe9372,b75000fa8593dbaa596ff6e8ef0f556fa27c8cecb99667d804a9fb43410c8b78,33a59a3c6853f1c27248e03a8885c9acb1fb19d0304c7ca2f5c9c8a9acc082e4,b75ff79,strict Python dispatch,float64-int64,0.025659265997092007,0.09576863500114996,7,1,61,12842010,3,41,21192407,3
before,openmp,1,M,lsdyna,volume,257250,23496751,1160a434114a985a5822a82ea9bda400575644cd5c87389794fc3d6fead78922,89f146b2622358f6c51b63107008f6aafe40d13502e20d55c32cad88e4438cb7,33a59a3c6853f1c27248e03a8885c9acb1fb19d0304c7ca2f5c9c8a9acc082e4,b75ff79,strict Python dispatch,float64-int64,0.3657331559988961,0.3881744770005753,7,1,2034298,264180471,3,643182,104060256,3
before,openmp,1,M,marc,volume,257250,19005099,17c6c72163babf7b782ce522111654c088e0b3b3b910e1357eb4d23b6e87ae40,29b9b1f7ff681463051c70c6f075f2cc639965c37f2883a46c160cea9f8e0b06,33a59a3c6853f1c27248e03a8885c9acb1fb19d0304c7ca2f5c9c8a9acc082e4,b75ff79,strict Python dispatch,float64-int64,0.2811131749986089,0.7166316319999169,7,1,2806066,218386247,3,2196816,210095649,3
before,openmp,1,M,mdpa,volume,257250,12202607,4155e71d03325d0d0f3bd62c9f912eee3bfb2b7567a4da8f0e7a69ab99d36c6f,9c657b462145e0ce8f0b09bab80dc599b3b004a8ef70bc7ca37a4457bc73730e,33a59a3c6853f1c27248e03a8885c9acb1fb19d0304c7ca2f5c9c8a9acc082e4,b75ff79,strict Python dispatch,float64-int64,1.2628525290019752,0.15458126299927244,7,1,0,0,3,303952,14180718,3
before,openmp,1,M,mfem,volume,257250,9633628,f747c735c8542b210a2a1e86e528db4315be9c1cda69db7cdbed800a8155332e,ebbd39e4e17e2789a02b52798b26e20d4b9420a539498574987d1bf15fd8029f,33a59a3c6853f1c27248e03a8885c9acb1fb19d0304c7ca2f5c9c8a9acc082e4,b75ff79,strict Python dispatch,float64-int64,0.2781895970001642,0.14321919799840543,7,1,1511950,328124762,3,1286346,126613779,3
before,openmp,1,M,mff,surface,14700,2,1467fc71e31a32cf0699f2658d00a250fc4e8a3c33275bb6265c9a021985e5ba,0101a54843ac1f44502d412afa968d5d727e29fb2415ac82f8926fbcc4f558e6,33a59a3c6853f1c27248e03a8885c9acb1fb19d0304c7ca2f5c9c8a9acc082e4,b75ff79,strict Python dispatch,float64-int64,2.9581999115180224e-05,0.0002713229987421073,7,1,21,9052,3,9,8700,3
before,openmp,1,M,mfm,volume,257250,16885867,93a87fc0c1b90ad1199a62da8a5f54b3ef6931a59716de99c13a24a230620f00,40725438684cf8ac3cba22ea3d34d5814b46e8e4e3470766c71cc52437d72de1,33a59a3c6853f1c27248e03a8885c9acb1fb19d0304c7ca2f5c9c8a9acc082e4,b75ff79,strict Python dispatch,float64-int64,0.13792777100024978,0.23550254799920367,7,1,57,279846329,3,10,2066700,3
before,openmp,1,M,openfoam,volume,257250,19831278,fe1349dc3e4a2a08f704e6865b05c2e06868c8604d7eac2e7f643e9d0e1a79ed,9bb4ff1bd00ced8549bf152e72940fe9f1c5d3b21872b71e90673e8483b45125,33a59a3c6853f1c27248e03a8885c9acb1fb19d0304c7ca2f5c9c8a9acc082e4,b75ff79,strict Python dispatch,float64-int64,0.46781696200196166,0.9286871080003039,7,1,8565331,425730433,3,6431785,603299983,3
before,openmp,1,M,vtkhdf,volume,257250,1368327,6e7c58ce254767eeb130336ea38659c797b78dbb1ece7097338ae4b15772fa38,10abc12dd13ca22319e89dd1b9ad612dfa83fddc80cf1117e9ac35838c35aaa9,33a59a3c6853f1c27248e03a8885c9acb1fb19d0304c7ca2f5c9c8a9acc082e4,b75ff79,strict Python dispatch,float64-int64,0.030130308001389494,0.10521701399920858,7,1,84,40488549,3,168,63013131,3
before,openmp,1,M,vtp,surface,14700,129604,09c34b322f98ac1d1a868f2cbed3118777a6898cb91fd222e81b1b6f43b0e360,4040e64f53d248a2407ae664acdd5a587436ca7c2f7376c9d869cfc14bfc7233,33a59a3c6853f1c27248e03a8885c9acb1fb19d0304c7ca2f5c9c8a9acc082e4,b75ff79,strict Python dispatch,float64-int64,0.0024429160002910066,0.019551826000679284,7,1,135,4318735,3,88,2498679,3
before,openmp,1,M,xdmf,volume,257250,1017323,26d2b6ed808e8c91e4ecb160704ac96f8240822e25328577e88c9b251c410c8c,10abc12dd13ca22319e89dd1b9ad612dfa83fddc80cf1117e9ac35838c35aaa9,33a59a3c6853f1c27248e03a8885c9acb1fb19d0304c7ca2f5c9c8a9acc082e4,b75ff79,strict Python dispatch,float64-int64,0.01733607300047879,0.07176230999903055,7,1,72,12478215,3,34,12587096,3
before,openmp,1,M,xyz,surface,14700,300849,056f0656fde92c6baeafaa073f835ae4b8457c12ac7f9cbf07caf6263887b9ea,d1a30f4de2f0fbdc8095d2822ca0d85fca32c0f213fc7fb379b22569c4945eb3,33a59a3c6853f1c27248e03a8885c9acb1fb19d0304c7ca2f5c9c8a9acc082e4,b75ff79,strict Python dispatch,float64-int64,0.0018815080002241302,0.007019755001238082,7,1,29487,2377833,3,36,69395,3
before,openmp,1,L,dex,points,175616,10422799,c4e55c281d530abba4de25876d9902347a5cf29df1d708049935d759487e3bda,0e7c741deb074324a5524a3941f6699225772c906f570dd54816e68865bfeae9,33a59a3c6853f1c27248e03a8885c9acb1fb19d0304c7ca2f5c9c8a9acc082e4,b75ff79,strict Python dispatch,float64-int64,0.06054217700148001,0.22096178400170174,7,1,526923,46858424,3,15,9028,3
before,openmp,1,L,ensight,volume,998250,18080176,d59e6bd55c3e1e73bd251da8f3bca8dffd4215e72d7b1c431f6db5605e18c27c,6a7796c6ddd3f5a4b6d23ec1d3f4002308640ee8603ad1e6284e7bbac83a6641,33a59a3c6853f1c27248e03a8885c9acb1fb19d0304c7ca2f5c9c8a9acc082e4,b75ff79,strict Python dispatch,float64-int64,0.007339660998695763,0.023311822002142435,7,1,53,44599183,3,30,42501188,3
before,openmp,1,L,flac3d,volume,998250,51381665,1e7d093ec7218c0364da758d4ddc0b21dc81b4fe2fb63ae6abf2427e65bd0113,c6660913a5ec2a2a9d20752b7fca94e57b66b76fb44487d75c2822e8ab9ea037,33a59a3c6853f1c27248e03a8885c9acb1fb19d0304c7ca2f5c9c8a9acc082e4,b75ff79,strict Python dispatch,float64-int64,0.41682509400197887,0.6743586150005285,7,1,3170487,201686814,3,998270,55911056,3
before,openmp,1,L,h5m,volume,998250,4210232,0d187a34c7484ac04bd250fbcdcf32adeb5ebcfd5e9bcb40c9f9f9e87e9d3a06,4ddd47fd8e1b7801d6d93377892635f3e7b8f909631b121a6b7d5b777fbaaab6,33a59a3c6853f1c27248e03a8885c9acb1fb19d0304c7ca2f5c9c8a9acc082e4,b75ff79,strict Python dispatch,float64-int64,0.08034715000030701,0.313695557997562,7,1,94,44907250,3,73,76354853,3
before,openmp,1,L,lsdyna,volume,998250,90868471,ffb9069cf528134a0cf35e3da71b5e7607d57ae04cf07dd4b689e69d82ab9385,07564f1a09f6b556eea01a40059a72a4c605a0cf925700a6bb8e5efd66b03628,33a59a3c6853f1c27248e03a8885c9acb1fb19d0304c7ca2f5c9c8a9acc082e4,b75ff79,strict Python dispatch,float64-int64,1.5724696300021606,1.810241440001846,7,1,7866122,1039883648,3,2496041,405855521,3
before,openmp,1,L,marc,volume,998250,73362259,b8dcb98b60bacce06c00b3f4982b39115df24fa29635459f3fcf5c32dce5152a,8109f93962286e96cfc3ac2811a6348ffa87ce1a9572247a668f528924ed6ec6,33a59a3c6853f1c27248e03a8885c9acb1fb19d0304c7ca2f5c9c8a9acc082e4,b75ff79,strict Python dispatch,float64-int64,1.1561777319984685,2.9193408690007345,7,1,10860888,858475847,3,8501578,827897651,3
before,openmp,1,L,mdpa,volume,998250,49745512,c5e02e014950022083b60edc01bb07c501024ce22403443e130e2792ae83f128,fe35d76da8b40bc7506634b51a58220e962a2182df259a6741a3431a2e177033,33a59a3c6853f1c27248e03a8885c9acb1fb19d0304c7ca2f5c9c8a9acc082e4,b75ff79,strict Python dispatch,float64-int64,5.155706925997947,0.615243273001397,7,1,0,0,3,1173916,56530510,3
before,openmp,1,L,mfem,volume,998250,39683925,799ce40400a43232016ad98eb1b747e47576b816b7d460f9d533ba576f4256c9,bca631908768869472344413ac867025ad2aaf0c55580a44c9fed5cd25e71dc2,33a59a3c6853f1c27248e03a8885c9acb1fb19d0304c7ca2f5c9c8a9acc082e4,b75ff79,strict Python dispatch,float64-int64,1.2420218650004244,0.5964960580022307,7,1,5850718,1268210733,3,4991354,502281525,3
before,openmp,1,L,mff,surface,36300,2,1467fc71e31a32cf0699f2658d00a250fc4e8a3c33275bb6265c9a021985e5ba,0101a54843ac1f44502d412afa968d5d727e29fb2415ac82f8926fbcc4f558e6,33a59a3c6853f1c27248e03a8885c9acb1fb19d0304c7ca2f5c9c8a9acc082e4,b75ff79,strict Python dispatch,float64-int64,2.5337001716252416e-05,0.00019296399841550738,7,1,21,9052,3,9,8700,3
before,openmp,1,L,mfm,volume,998250,67529437,6484a190f08e4dd09aa8a69a2c4a797c9bac7319e9d4e96b658ce85c57ad045c,2d40661747f5d1456781b71453bdcf73bd779f7287cb99891fb32dfd138e8173,33a59a3c6853f1c27248e03a8885c9acb1fb19d0304c7ca2f5c9c8a9acc082e4,b75ff79,strict Python dispatch,float64-int64,0.5903198349988088,0.9049352439978975,7,1,59,1117887737,3,10,7994700,3
before,openmp,1,L,openfoam,volume,998250,81744063,de7285cb400e0961d316038e7a5d09684709e0b6b981703aef9e4930a34730d4,7a73ebf0a9d3be561b3d883e4645bb7f5916ed67ae9dfab9194761fa47445a41,33a59a3c6853f1c27248e03a8885c9acb1fb19d0304c7ca2f5c9c8a9acc082e4,b75ff79,strict Python dispatch,float64-int64,1.9378072280014749,3.7132619110016094,7,1,33498991,1638674225,3,24957324,2334452582,3
before,openmp,1,L,vtkhdf,volume,998250,5244914,b0c04858f0f79b3f30a699992f59fec0f6f3e9e01144a30877067713c102594d,a6c1ab90618909845d63861225b578fa46d8de677758f5e8215762e030f0315f,33a59a3c6853f1c27248e03a8885c9acb1fb19d0304c7ca2f5c9c8a9acc082e4,b75ff79,strict Python dispatch,float64-int64,0.12410229300076026,0.37471507000009296,7,1,84,156956589,3,210,236646397,3
before,openmp,1,L,vtp,surface,36300,322177,4e4a7ad5e58605e53b6c3c483262da255dc032da27c55e563bac22019f7e0319,b0e9714e47b7e3e948d39b311cdb707004c32406041d20412b1b9429fa1aa77e,33a59a3c6853f1c27248e03a8885c9acb1fb19d0304c7ca2f5c9c8a9acc082e4,b75ff79,strict Python dispatch,float64-int64,0.005755203001172049,0.0464551869990828,7,1,142,11347277,3,120,6074226,3
before,openmp,1,L,xdmf,volume,998250,3927097,620a3abba77726c60f9d93332c239be4c2178056fdc3e58a21907c677caac8d8,a6c1ab90618909845d63861225b578fa46d8de677758f5e8215762e030f0315f,33a59a3c6853f1c27248e03a8885c9acb1fb19d0304c7ca2f5c9c8a9acc082e4,b75ff79,strict Python dispatch,float64-int64,0.06118433300071047,0.2530311679984152,7,1,98,42195782,3,60,39859404,3
before,openmp,1,L,xyz,surface,36300,752529,878c00fc17b9044831c132350ade6c27dbd744b793dbc949c03cf210572a76a6,d6521cf3b9dccca6f128bb6afe0dfcefe5309a59ff914c3ba8b103b478bc3041,33a59a3c6853f1c27248e03a8885c9acb1fb19d0304c7ca2f5c9c8a9acc082e4,b75ff79,strict Python dispatch,float64-int64,0.00479668799744104,0.016161349001777126,7,1,72693,6869193,3,36,155795,3
after,openmp,1,M,dex,points,46656,2632814,1baa269c7dcdb6199bec3ca3a30c7c120ff01d7ebee3d09b58d02a61c41c3c60,717369658cb2db79ac3e677c8d75fbab7c05903e7ad3b0a1bd6f50ccd0c4699d,3004eb4364f94341e9f38e036853491cbe3f451371bcb9861eadba116c7e7bc6,b75ff79+hoist-diff,strict Python dispatch,float64-int64,0.015787937998538837,0.05884867599888821,7,1,140039,11991315,3,15,9028,3
after,openmp,1,M,ensight,volume,257250,4676656,4ee0372a518fb6fc517cdbb1eaafe74863f088fe9436c517490cbfed742a3f9b,97274077327a0db85a23b5d8b951c2c37e0e7748887fc1cbc60c69bb72d45dda,3004eb4364f94341e9f38e036853491cbe3f451371bcb9861eadba116c7e7bc6,b75ff79+hoist-diff,strict Python dispatch,float64-int64,0.002479358001437504,0.003916097000910668,7,1,61,16287538,3,30,11051588,3
after,openmp,1,M,flac3d,volume,257250,12657537,3a8d72bed4413c0eb06387ec1f38eb6e61cb158e2547088e7abcf08d578929fa,5138fe1033d4b0fa23381923571d1c7e9ee5e0f9f45106ef3469bf873ba45436,3004eb4364f94341e9f38e036853491cbe3f451371bcb9861eadba116c7e7bc6,b75ff79+hoist-diff,strict Python dispatch,float64-int64,0.11763201500070863,0.15716107000116608,7,1,818519,51326222,3,257270,14415056,3
after,openmp,1,M,h5m,volume,257250,1103743,2f504650fb2a965c9b8c7ca6f088fef972f3bdfee6c35442ca3cd3a9cebe9372,b75000fa8593dbaa596ff6e8ef0f556fa27c8cecb99667d804a9fb43410c8b78,3004eb4364f94341e9f38e036853491cbe3f451371bcb9861eadba116c7e7bc6,b75ff79+hoist-diff,strict Python dispatch,float64-int64,0.022623730001214426,0.08562628400250105,7,1,61,12842010,3,41,21192407,3
after,openmp,1,M,lsdyna,volume,257250,23496751,1160a434114a985a5822a82ea9bda400575644cd5c87389794fc3d6fead78922,89f146b2622358f6c51b63107008f6aafe40d13502e20d55c32cad88e4438cb7,3004eb4364f94341e9f38e036853491cbe3f451371bcb9861eadba116c7e7bc6,b75ff79+hoist-diff,strict Python dispatch,float64-int64,0.33698224700128776,0.3883672400006617,7,1,2034298,264180471,3,643182,104060256,3
after,openmp,1,M,marc,volume,257250,19005099,17c6c72163babf7b782ce522111654c088e0b3b3b910e1357eb4d23b6e87ae40,29b9b1f7ff681463051c70c6f075f2cc639965c37f2883a46c160cea9f8e0b06,3004eb4364f94341e9f38e036853491cbe3f451371bcb9861eadba116c7e7bc6,b75ff79+hoist-diff,strict Python dispatch,float64-int64,0.28336411499913083,0.7164605930011021,7,1,2806066,218386247,3,2196817,210095689,3
after,openmp,1,M,mdpa,volume,257250,12202607,4155e71d03325d0d0f3bd62c9f912eee3bfb2b7567a4da8f0e7a69ab99d36c6f,9c657b462145e0ce8f0b09bab80dc599b3b004a8ef70bc7ca37a4457bc73730e,3004eb4364f94341e9f38e036853491cbe3f451371bcb9861eadba116c7e7bc6,b75ff79+hoist-diff,strict Python dispatch,float64-int64,1.317494473001716,0.15452618900235393,7,1,0,0,3,303952,14180718,3
after,openmp,1,M,mfem,volume,257250,9633628,f747c735c8542b210a2a1e86e528db4315be9c1cda69db7cdbed800a8155332e,ebbd39e4e17e2789a02b52798b26e20d4b9420a539498574987d1bf15fd8029f,3004eb4364f94341e9f38e036853491cbe3f451371bcb9861eadba116c7e7bc6,b75ff79+hoist-diff,strict Python dispatch,float64-int64,0.2817630339995958,0.1446029090002412,7,1,1511950,328124762,3,1286346,126613779,3
after,openmp,1,M,mff,surface,14700,2,1467fc71e31a32cf0699f2658d00a250fc4e8a3c33275bb6265c9a021985e5ba,0101a54843ac1f44502d412afa968d5d727e29fb2415ac82f8926fbcc4f558e6,3004eb4364f94341e9f38e036853491cbe3f451371bcb9861eadba116c7e7bc6,b75ff79+hoist-diff,strict Python dispatch,float64-int64,2.6611000066623092e-05,0.00028187399948365055,7,1,21,9052,3,9,8700,3
after,openmp,1,M,mfm,volume,257250,16885867,93a87fc0c1b90ad1199a62da8a5f54b3ef6931a59716de99c13a24a230620f00,40725438684cf8ac3cba22ea3d34d5814b46e8e4e3470766c71cc52437d72de1,3004eb4364f94341e9f38e036853491cbe3f451371bcb9861eadba116c7e7bc6,b75ff79+hoist-diff,strict Python dispatch,float64-int64,0.14025511299769278,0.23299381899778382,7,1,57,279846329,3,10,2066700,3
after,openmp,1,M,openfoam,volume,257250,19831278,fe1349dc3e4a2a08f704e6865b05c2e06868c8604d7eac2e7f643e9d0e1a79ed,9bb4ff1bd00ced8549bf152e72940fe9f1c5d3b21872b71e90673e8483b45125,3004eb4364f94341e9f38e036853491cbe3f451371bcb9861eadba116c7e7bc6,b75ff79+hoist-diff,strict Python dispatch,float64-int64,0.4451954379983363,0.8925958729996637,7,1,8565331,425730433,3,6431785,603299983,3
after,openmp,1,M,vtkhdf,volume,257250,1368327,6e7c58ce254767eeb130336ea38659c797b78dbb1ece7097338ae4b15772fa38,10abc12dd13ca22319e89dd1b9ad612dfa83fddc80cf1117e9ac35838c35aaa9,3004eb4364f94341e9f38e036853491cbe3f451371bcb9861eadba116c7e7bc6,b75ff79+hoist-diff,strict Python dispatch,float64-int64,0.029094630997860804,0.10232268300023861,7,1,84,40488549,3,168,63013131,3
after,openmp,1,M,vtp,surface,14700,129604,09c34b322f98ac1d1a868f2cbed3118777a6898cb91fd222e81b1b6f43b0e360,4040e64f53d248a2407ae664acdd5a587436ca7c2f7376c9d869cfc14bfc7233,3004eb4364f94341e9f38e036853491cbe3f451371bcb9861eadba116c7e7bc6,b75ff79+hoist-diff,strict Python dispatch,float64-int64,0.0023690009984420612,0.018846622999262763,7,1,135,4318735,3,88,2498679,3
after,openmp,1,M,xdmf,volume,257250,1017323,26d2b6ed808e8c91e4ecb160704ac96f8240822e25328577e88c9b251c410c8c,10abc12dd13ca22319e89dd1b9ad612dfa83fddc80cf1117e9ac35838c35aaa9,3004eb4364f94341e9f38e036853491cbe3f451371bcb9861eadba116c7e7bc6,b75ff79+hoist-diff,strict Python dispatch,float64-int64,0.016940270998020424,0.0699126690014964,7,1,72,12478215,3,34,12587096,3
after,openmp,1,M,xyz,surface,14700,300849,056f0656fde92c6baeafaa073f835ae4b8457c12ac7f9cbf07caf6263887b9ea,d1a30f4de2f0fbdc8095d2822ca0d85fca32c0f213fc7fb379b22569c4945eb3,3004eb4364f94341e9f38e036853491cbe3f451371bcb9861eadba116c7e7bc6,b75ff79+hoist-diff,strict Python dispatch,float64-int64,0.002020694999373518,0.006733591999363853,7,1,29487,2377833,3,38,69635,3
after,openmp,1,L,dex,points,175616,10422799,c4e55c281d530abba4de25876d9902347a5cf29df1d708049935d759487e3bda,0e7c741deb074324a5524a3941f6699225772c906f570dd54816e68865bfeae9,3004eb4364f94341e9f38e036853491cbe3f451371bcb9861eadba116c7e7bc6,b75ff79+hoist-diff,strict Python dispatch,float64-int64,0.05941191099918797,0.21917242400013492,7,1,526923,46858424,3,15,9028,3
after,openmp,1,L,ensight,volume,998250,18080176,d59e6bd55c3e1e73bd251da8f3bca8dffd4215e72d7b1c431f6db5605e18c27c,6a7796c6ddd3f5a4b6d23ec1d3f4002308640ee8603ad1e6284e7bbac83a6641,3004eb4364f94341e9f38e036853491cbe3f451371bcb9861eadba116c7e7bc6,b75ff79+hoist-diff,strict Python dispatch,float64-int64,0.007001620000664843,0.017505001000245102,7,1,53,44599183,3,30,42501188,3
after,openmp,1,L,flac3d,volume,998250,51381665,1e7d093ec7218c0364da758d4ddc0b21dc81b4fe2fb63ae6abf2427e65bd0113,c6660913a5ec2a2a9d20752b7fca94e57b66b76fb44487d75c2822e8ab9ea037,3004eb4364f94341e9f38e036853491cbe3f451371bcb9861eadba116c7e7bc6,b75ff79+hoist-diff,strict Python dispatch,float64-int64,0.425464459000068,0.5957025049974618,7,1,3170487,201686814,3,998270,55911056,3
after,openmp,1,L,h5m,volume,998250,4210232,0d187a34c7484ac04bd250fbcdcf32adeb5ebcfd5e9bcb40c9f9f9e87e9d3a06,4ddd47fd8e1b7801d6d93377892635f3e7b8f909631b121a6b7d5b777fbaaab6,3004eb4364f94341e9f38e036853491cbe3f451371bcb9861eadba116c7e7bc6,b75ff79+hoist-diff,strict Python dispatch,float64-int64,0.08343020400207024,0.33179558600022574,7,1,94,44907250,3,73,76354853,3
after,openmp,1,L,lsdyna,volume,998250,90868471,ffb9069cf528134a0cf35e3da71b5e7607d57ae04cf07dd4b689e69d82ab9385,07564f1a09f6b556eea01a40059a72a4c605a0cf925700a6bb8e5efd66b03628,3004eb4364f94341e9f38e036853491cbe3f451371bcb9861eadba116c7e7bc6,b75ff79+hoist-diff,strict Python dispatch,float64-int64,1.5281834790002904,1.76225526500275,7,1,7866122,1039883648,3,2496041,405855521,3
after,openmp,1,L,marc,volume,998250,73362259,b8dcb98b60bacce06c00b3f4982b39115df24fa29635459f3fcf5c32dce5152a,8109f93962286e96cfc3ac2811a6348ffa87ce1a9572247a668f528924ed6ec6,3004eb4364f94341e9f38e036853491cbe3f451371bcb9861eadba116c7e7bc6,b75ff79+hoist-diff,strict Python dispatch,float64-int64,1.1314905479994195,2.920292151000467,7,1,10860888,858475847,3,8501579,827897691,3
after,openmp,1,L,mdpa,volume,998250,49745512,c5e02e014950022083b60edc01bb07c501024ce22403443e130e2792ae83f128,fe35d76da8b40bc7506634b51a58220e962a2182df259a6741a3431a2e177033,3004eb4364f94341e9f38e036853491cbe3f451371bcb9861eadba116c7e7bc6,b75ff79+hoist-diff,strict Python dispatch,float64-int64,5.250549558000785,0.6195573309996689,7,1,0,0,3,1173916,56530510,3
after,openmp,1,L,mfem,volume,998250,39683925,799ce40400a43232016ad98eb1b747e47576b816b7d460f9d533ba576f4256c9,bca631908768869472344413ac867025ad2aaf0c55580a44c9fed5cd25e71dc2,3004eb4364f94341e9f38e036853491cbe3f451371bcb9861eadba116c7e7bc6,b75ff79+hoist-diff,strict Python dispatch,float64-int64,1.355560873002105,0.6415877069994167,7,1,5850718,1268210733,3,4991354,502281525,3
after,openmp,1,L,mff,surface,36300,2,1467fc71e31a32cf0699f2658d00a250fc4e8a3c33275bb6265c9a021985e5ba,0101a54843ac1f44502d412afa968d5d727e29fb2415ac82f8926fbcc4f558e6,3004eb4364f94341e9f38e036853491cbe3f451371bcb9861eadba116c7e7bc6,b75ff79+hoist-diff,strict Python dispatch,float64-int64,1.9586001144489273e-05,0.00027688000045600347,7,1,21,9052,3,9,8700,3
after,openmp,1,L,mfm,volume,998250,67529437,6484a190f08e4dd09aa8a69a2c4a797c9bac7319e9d4e96b658ce85c57ad045c,2d40661747f5d1456781b71453bdcf73bd779f7287cb99891fb32dfd138e8173,3004eb4364f94341e9f38e036853491cbe3f451371bcb9861eadba116c7e7bc6,b75ff79+hoist-diff,strict Python dispatch,float64-int64,0.6314026010004454,0.903630681001232,7,1,59,1117887737,3,10,7994700,3
after,openmp,1,L,openfoam,volume,998250,81744063,de7285cb400e0961d316038e7a5d09684709e0b6b981703aef9e4930a34730d4,7a73ebf0a9d3be561b3d883e4645bb7f5916ed67ae9dfab9194761fa47445a41,3004eb4364f94341e9f38e036853491cbe3f451371bcb9861eadba116c7e7bc6,b75ff79+hoist-diff,strict Python dispatch,float64-int64,1.870953459001612,3.748031664003065,7,1,33498991,1638674225,3,24957324,2334452582,3
after,openmp,1,L,vtkhdf,volume,998250,5244914,b0c04858f0f79b3f30a699992f59fec0f6f3e9e01144a30877067713c102594d,a6c1ab90618909845d63861225b578fa46d8de677758f5e8215762e030f0315f,3004eb4364f94341e9f38e036853491cbe3f451371bcb9861eadba116c7e7bc6,b75ff79+hoist-diff,strict Python dispatch,float64-int64,0.11878455799887888,0.37182134999966365,7,1,84,156956589,3,210,236646397,3
after,openmp,1,L,vtp,surface,36300,322177,4e4a7ad5e58605e53b6c3c483262da255dc032da27c55e563bac22019f7e0319,b0e9714e47b7e3e948d39b311cdb707004c32406041d20412b1b9429fa1aa77e,3004eb4364f94341e9f38e036853491cbe3f451371bcb9861eadba116c7e7bc6,b75ff79+hoist-diff,strict Python dispatch,float64-int64,0.00581953000073554,0.04701094300253317,7,1,142,11347277,3,120,6074226,3
after,openmp,1,L,xdmf,volume,998250,3927097,620a3abba77726c60f9d93332c239be4c2178056fdc3e58a21907c677caac8d8,a6c1ab90618909845d63861225b578fa46d8de677758f5e8215762e030f0315f,3004eb4364f94341e9f38e036853491cbe3f451371bcb9861eadba116c7e7bc6,b75ff79+hoist-diff,strict Python dispatch,float64-int64,0.060873261998494854,0.2577797769990866,7,1,98,42195782,3,60,39859404,3
after,openmp,1,L,xyz,surface,36300,752529,878c00fc17b9044831c132350ade6c27dbd744b793dbc949c03cf210572a76a6,d6521cf3b9dccca6f128bb6afe0dfcefe5309a59ff914c3ba8b103b478bc3041,3004eb4364f94341e9f38e036853491cbe3f451371bcb9861eadba116c7e7bc6,b75ff79+hoist-diff,strict Python dispatch,float64-int64,0.00474480499906349,0.016067280997958733,7,1,72693,6869193,3,38,156035,3
before,openmp,4,M,dex,points,46656,2632814,1baa269c7dcdb6199bec3ca3a30c7c120ff01d7ebee3d09b58d02a61c41c3c60,717369658cb2db79ac3e677c8d75fbab7c05903e7ad3b0a1bd6f50ccd0c4699d,33a59a3c6853f1c27248e03a8885c9acb1fb19d0304c7ca2f5c9c8a9acc082e4,b75ff79,strict Python dispatch,float64-int64,0.015346069001680007,0.060931028998311376,7,1,140039,11991315,3,15,9028,3
before,openmp,4,M,ensight,volume,257250,4676656,4ee0372a518fb6fc517cdbb1eaafe74863f088fe9436c517490cbfed742a3f9b,97274077327a0db85a23b5d8b951c2c37e0e7748887fc1cbc60c69bb72d45dda,33a59a3c6853f1c27248e03a8885c9acb1fb19d0304c7ca2f5c9c8a9acc082e4,b75ff79,strict Python dispatch,float64-int64,0.002407864998531295,0.00653529600094771,7,1,61,16287538,3,30,11051588,3
before,openmp,4,M,flac3d,volume,257250,12657537,3a8d72bed4413c0eb06387ec1f38eb6e61cb158e2547088e7abcf08d578929fa,5138fe1033d4b0fa23381923571d1c7e9ee5e0f9f45106ef3469bf873ba45436,33a59a3c6853f1c27248e03a8885c9acb1fb19d0304c7ca2f5c9c8a9acc082e4,b75ff79,strict Python dispatch,float64-int64,0.12337560000014491,0.15472904700072831,7,1,818519,51326222,3,257270,14415056,3
before,openmp,4,M,h5m,volume,257250,1103743,2f504650fb2a965c9b8c7ca6f088fef972f3bdfee6c35442ca3cd3a9cebe9372,b75000fa8593dbaa596ff6e8ef0f556fa27c8cecb99667d804a9fb43410c8b78,33a59a3c6853f1c27248e03a8885c9acb1fb19d0304c7ca2f5c9c8a9acc082e4,b75ff79,strict Python dispatch,float64-int64,0.010867436001717579,0.03726558799826307,7,1,61,12842010,3,41,21192407,3
before,openmp,4,M,lsdyna,volume,257250,23496751,1160a434114a985a5822a82ea9bda400575644cd5c87389794fc3d6fead78922,89f146b2622358f6c51b63107008f6aafe40d13502e20d55c32cad88e4438cb7,33a59a3c6853f1c27248e03a8885c9acb1fb19d0304c7ca2f5c9c8a9acc082e4,b75ff79,strict Python dispatch,float64-int64,0.36832200700155227,0.17807474600340356,7,1,2034298,264180471,3,643182,104060256,3
before,openmp,4,M,marc,volume,257250,19005099,17c6c72163babf7b782ce522111654c088e0b3b3b910e1357eb4d23b6e87ae40,29b9b1f7ff681463051c70c6f075f2cc639965c37f2883a46c160cea9f8e0b06,33a59a3c6853f1c27248e03a8885c9acb1fb19d0304c7ca2f5c9c8a9acc082e4,b75ff79,strict Python dispatch,float64-int64,0.2833018279998214,0.750881477000803,7,1,2806066,218386247,3,2196816,210095649,3
before,openmp,4,M,mdpa,volume,257250,12202607,4155e71d03325d0d0f3bd62c9f912eee3bfb2b7567a4da8f0e7a69ab99d36c6f,9c657b462145e0ce8f0b09bab80dc599b3b004a8ef70bc7ca37a4457bc73730e,33a59a3c6853f1c27248e03a8885c9acb1fb19d0304c7ca2f5c9c8a9acc082e4,b75ff79,strict Python dispatch,float64-int64,1.2583159650021116,0.1623961050026992,7,1,0,0,3,303952,14180718,3
before,openmp,4,M,mfem,volume,257250,9633628,f747c735c8542b210a2a1e86e528db4315be9c1cda69db7cdbed800a8155332e,ebbd39e4e17e2789a02b52798b26e20d4b9420a539498574987d1bf15fd8029f,33a59a3c6853f1c27248e03a8885c9acb1fb19d0304c7ca2f5c9c8a9acc082e4,b75ff79,strict Python dispatch,float64-int64,0.280194949998986,0.14566930799992406,7,1,1511950,328124762,3,1286346,126613779,3
before,openmp,4,M,mff,surface,14700,2,1467fc71e31a32cf0699f2658d00a250fc4e8a3c33275bb6265c9a021985e5ba,0101a54843ac1f44502d412afa968d5d727e29fb2415ac82f8926fbcc4f558e6,33a59a3c6853f1c27248e03a8885c9acb1fb19d0304c7ca2f5c9c8a9acc082e4,b75ff79,strict Python dispatch,float64-int64,1.905799945234321e-05,0.0002800599977490492,7,1,21,9052,3,9,8700,3
before,openmp,4,M,mfm,volume,257250,16885867,93a87fc0c1b90ad1199a62da8a5f54b3ef6931a59716de99c13a24a230620f00,40725438684cf8ac3cba22ea3d34d5814b46e8e4e3470766c71cc52437d72de1,33a59a3c6853f1c27248e03a8885c9acb1fb19d0304c7ca2f5c9c8a9acc082e4,b75ff79,strict Python dispatch,float64-int64,0.13909610599876032,0.2323022119999223,7,1,57,279846329,3,10,2066700,3
before,openmp,4,M,openfoam,volume,257250,19831278,fe1349dc3e4a2a08f704e6865b05c2e06868c8604d7eac2e7f643e9d0e1a79ed,9bb4ff1bd00ced8549bf152e72940fe9f1c5d3b21872b71e90673e8483b45125,33a59a3c6853f1c27248e03a8885c9acb1fb19d0304c7ca2f5c9c8a9acc082e4,b75ff79,strict Python dispatch,float64-int64,0.3684688339999411,0.5623841289998381,7,1,8565331,425730433,3,6431787,604793031,3
before,openmp,4,M,vtkhdf,volume,257250,1368327,6e7c58ce254767eeb130336ea38659c797b78dbb1ece7097338ae4b15772fa38,10abc12dd13ca22319e89dd1b9ad612dfa83fddc80cf1117e9ac35838c35aaa9,33a59a3c6853f1c27248e03a8885c9acb1fb19d0304c7ca2f5c9c8a9acc082e4,b75ff79,strict Python dispatch,float64-int64,0.028729557001497597,0.0462150239982293,7,1,84,40488549,3,168,63013131,3
before,openmp,4,M,vtp,surface,14700,129604,09c34b322f98ac1d1a868f2cbed3118777a6898cb91fd222e81b1b6f43b0e360,4040e64f53d248a2407ae664acdd5a587436ca7c2f7376c9d869cfc14bfc7233,33a59a3c6853f1c27248e03a8885c9acb1fb19d0304c7ca2f5c9c8a9acc082e4,b75ff79,strict Python dispatch,float64-int64,0.0013725329990847968,0.006210380997799803,7,1,135,4318735,3,88,2498679,3
before,openmp,4,M,xdmf,volume,257250,1017323,26d2b6ed808e8c91e4ecb160704ac96f8240822e25328577e88c9b251c410c8c,10abc12dd13ca22319e89dd1b9ad612dfa83fddc80cf1117e9ac35838c35aaa9,33a59a3c6853f1c27248e03a8885c9acb1fb19d0304c7ca2f5c9c8a9acc082e4,b75ff79,strict Python dispatch,float64-int64,0.00615565800035256,0.024816988003294682,7,1,72,12478215,3,34,12587096,3
before,openmp,4,M,xyz,surface,14700,300849,056f0656fde92c6baeafaa073f835ae4b8457c12ac7f9cbf07caf6263887b9ea,d1a30f4de2f0fbdc8095d2822ca0d85fca32c0f213fc7fb379b22569c4945eb3,33a59a3c6853f1c27248e03a8885c9acb1fb19d0304c7ca2f5c9c8a9acc082e4,b75ff79,strict Python dispatch,float64-int64,0.001991221997741377,0.006625054000323871,7,1,29487,2377833,3,36,69395,3
before,openmp,4,L,dex,points,175616,10422799,c4e55c281d530abba4de25876d9902347a5cf29df1d708049935d759487e3bda,0e7c741deb074324a5524a3941f6699225772c906f570dd54816e68865bfeae9,33a59a3c6853f1c27248e03a8885c9acb1fb19d0304c7ca2f5c9c8a9acc082e4,b75ff79,strict Python dispatch,float64-int64,0.06149295300201629,0.23220278900043922,7,1,526923,46858424,3,15,9028,3
before,openmp,4,L,ensight,volume,998250,18080176,d59e6bd55c3e1e73bd251da8f3bca8dffd4215e72d7b1c431f6db5605e18c27c,6a7796c6ddd3f5a4b6d23ec1d3f4002308640ee8603ad1e6284e7bbac83a6641,33a59a3c6853f1c27248e03a8885c9acb1fb19d0304c7ca2f5c9c8a9acc082e4,b75ff79,strict Python dispatch,float64-int64,0.008112795996567002,0.023435331000655424,7,1,53,44599183,3,30,42501188,3
before,openmp,4,L,flac3d,volume,998250,51381665,1e7d093ec7218c0364da758d4ddc0b21dc81b4fe2fb63ae6abf2427e65bd0113,c6660913a5ec2a2a9d20752b7fca94e57b66b76fb44487d75c2822e8ab9ea037,33a59a3c6853f1c27248e03a8885c9acb1fb19d0304c7ca2f5c9c8a9acc082e4,b75ff79,strict Python dispatch,float64-int64,0.4505480410007294,0.6035123969995766,7,1,3170487,201686814,3,998270,55911056,3
before,openmp,4,L,h5m,volume,998250,4210232,0d187a34c7484ac04bd250fbcdcf32adeb5ebcfd5e9bcb40c9f9f9e87e9d3a06,4ddd47fd8e1b7801d6d93377892635f3e7b8f909631b121a6b7d5b777fbaaab6,33a59a3c6853f1c27248e03a8885c9acb1fb19d0304c7ca2f5c9c8a9acc082e4,b75ff79,strict Python dispatch,float64-int64,0.03504611300013494,0.11119232100099907,7,1,94,44907250,3,73,76354853,3
before,openmp,4,L,lsdyna,volume,998250,90868471,ffb9069cf528134a0cf35e3da71b5e7607d57ae04cf07dd4b689e69d82ab9385,07564f1a09f6b556eea01a40059a72a4c605a0cf925700a6bb8e5efd66b03628,33a59a3c6853f1c27248e03a8885c9acb1fb19d0304c7ca2f5c9c8a9acc082e4,b75ff79,strict Python dispatch,float64-int64,1.6750128070016217,0.7785561910022807,7,1,7866122,1039883648,3,2496041,405855521,3
before,openmp,4,L,marc,volume,998250,73362259,b8dcb98b60bacce06c00b3f4982b39115df24fa29635459f3fcf5c32dce5152a,8109f93962286e96cfc3ac2811a6348ffa87ce1a9572247a668f528924ed6ec6,33a59a3c6853f1c27248e03a8885c9acb1fb19d0304c7ca2f5c9c8a9acc082e4,b75ff79,strict Python dispatch,float64-int64,1.1728831979999086,2.913988046999293,7,1,10860888,858475847,3,8501578,827897651,3
before,openmp,4,L,mdpa,volume,998250,49745512,c5e02e014950022083b60edc01bb07c501024ce22403443e130e2792ae83f128,fe35d76da8b40bc7506634b51a58220e962a2182df259a6741a3431a2e177033,33a59a3c6853f1c27248e03a8885c9acb1fb19d0304c7ca2f5c9c8a9acc082e4,b75ff79,strict Python dispatch,float64-int64,5.139546156999131,0.6222479340030986,7,1,0,0,3,1173916,56530510,3
before,openmp,4,L,mfem,volume,998250,39683925,799ce40400a43232016ad98eb1b747e47576b816b7d460f9d533ba576f4256c9,bca631908768869472344413ac867025ad2aaf0c55580a44c9fed5cd25e71dc2,33a59a3c6853f1c27248e03a8885c9acb1fb19d0304c7ca2f5c9c8a9acc082e4,b75ff79,strict Python dispatch,float64-int64,1.2982694099991932,0.5934285499970429,7,1,5850718,1268210733,3,4991354,502281525,3
before,openmp,4,L,mff,surface,36300,2,1467fc71e31a32cf0699f2658d00a250fc4e8a3c33275bb6265c9a021985e5ba,0101a54843ac1f44502d412afa968d5d727e29fb2415ac82f8926fbcc4f558e6,33a59a3c6853f1c27248e03a8885c9acb1fb19d0304c7ca2f5c9c8a9acc082e4,b75ff79,strict Python dispatch,float64-int64,1.9346000044606626e-05,0.00018530099987401627,7,1,21,9052,3,9,8700,3
before,openmp,4,L,mfm,volume,998250,67529437,6484a190f08e4dd09aa8a69a2c4a797c9bac7319e9d4e96b658ce85c57ad045c,2d40661747f5d1456781b71453bdcf73bd779f7287cb99891fb32dfd138e8173,33a59a3c6853f1c27248e03a8885c9acb1fb19d0304c7ca2f5c9c8a9acc082e4,b75ff79,strict Python dispatch,float64-int64,0.5833374079993519,0.9106464729993604,7,1,59,1117887737,3,10,7994700,3
before,openmp,4,L,openfoam,volume,998250,81744063,de7285cb400e0961d316038e7a5d09684709e0b6b981703aef9e4930a34730d4,7a73ebf0a9d3be561b3d883e4645bb7f5916ed67ae9dfab9194761fa47445a41,33a59a3c6853f1c27248e03a8885c9acb1fb19d0304c7ca2f5c9c8a9acc082e4,b75ff79,strict Python dispatch,float64-int64,1.5331480280001415,2.227081836997968,7,1,33498991,1638674225,3,24957326,2340072382,3
before,openmp,4,L,vtkhdf,volume,998250,5244914,b0c04858f0f79b3f30a699992f59fec0f6f3e9e01144a30877067713c102594d,a6c1ab90618909845d63861225b578fa46d8de677758f5e8215762e030f0315f,33a59a3c6853f1c27248e03a8885c9acb1fb19d0304c7ca2f5c9c8a9acc082e4,b75ff79,strict Python dispatch,float64-int64,0.12292400600199471,0.1369920879988058,7,1,84,156956589,3,210,236646397,3
before,openmp,4,L,vtp,surface,36300,322177,4e4a7ad5e58605e53b6c3c483262da255dc032da27c55e563bac22019f7e0319,b0e9714e47b7e3e948d39b311cdb707004c32406041d20412b1b9429fa1aa77e,33a59a3c6853f1c27248e03a8885c9acb1fb19d0304c7ca2f5c9c8a9acc082e4,b75ff79,strict Python dispatch,float64-int64,0.003284192000137409,0.014546397000231082,7,1,142,11347277,3,120,6074226,3
before,openmp,4,L,xdmf,volume,998250,3927097,620a3abba77726c60f9d93332c239be4c2178056fdc3e58a21907c677caac8d8,a6c1ab90618909845d63861225b578fa46d8de677758f5e8215762e030f0315f,33a59a3c6853f1c27248e03a8885c9acb1fb19d0304c7ca2f5c9c8a9acc082e4,b75ff79,strict Python dispatch,float64-int64,0.01745940099863219,0.07383734500035644,7,1,98,42195782,3,60,39859404,3
before,openmp,4,L,xyz,surface,36300,752529,878c00fc17b9044831c132350ade6c27dbd744b793dbc949c03cf210572a76a6,d6521cf3b9dccca6f128bb6afe0dfcefe5309a59ff914c3ba8b103b478bc3041,33a59a3c6853f1c27248e03a8885c9acb1fb19d0304c7ca2f5c9c8a9acc082e4,b75ff79,strict Python dispatch,float64-int64,0.0048111319993040524,0.015670225999201648,7,1,72693,6869193,3,36,155795,3
after,openmp,4,M,dex,points,46656,2632814,1baa269c7dcdb6199bec3ca3a30c7c120ff01d7ebee3d09b58d02a61c41c3c60,717369658cb2db79ac3e677c8d75fbab7c05903e7ad3b0a1bd6f50ccd0c4699d,3004eb4364f94341e9f38e036853491cbe3f451371bcb9861eadba116c7e7bc6,b75ff79+hoist-diff,strict Python dispatch,float64-int64,0.015837104998354334,0.05947451599786291,7,1,140039,11991315,3,15,9028,3
after,openmp,4,M,ensight,volume,257250,4676656,4ee0372a518fb6fc517cdbb1eaafe74863f088fe9436c517490cbfed742a3f9b,97274077327a0db85a23b5d8b951c2c37e0e7748887fc1cbc60c69bb72d45dda,3004eb4364f94341e9f38e036853491cbe3f451371bcb9861eadba116c7e7bc6,b75ff79+hoist-diff,strict Python dispatch,float64-int64,0.0025225009994755965,0.004123620998143451,7,1,61,16287538,3,30,11051588,3
after,openmp,4,M,flac3d,volume,257250,12657537,3a8d72bed4413c0eb06387ec1f38eb6e61cb158e2547088e7abcf08d578929fa,5138fe1033d4b0fa23381923571d1c7e9ee5e0f9f45106ef3469bf873ba45436,3004eb4364f94341e9f38e036853491cbe3f451371bcb9861eadba116c7e7bc6,b75ff79+hoist-diff,strict Python dispatch,float64-int64,0.11743860500064329,0.1520708839998406,7,1,818519,51326222,3,257270,14415056,3
after,openmp,4,M,h5m,volume,257250,1103743,2f504650fb2a965c9b8c7ca6f088fef972f3bdfee6c35442ca3cd3a9cebe9372,b75000fa8593dbaa596ff6e8ef0f556fa27c8cecb99667d804a9fb43410c8b78,3004eb4364f94341e9f38e036853491cbe3f451371bcb9861eadba116c7e7bc6,b75ff79+hoist-diff,strict Python dispatch,float64-int64,0.01081197899839026,0.03818258799947216,7,1,61,12842010,3,41,21192407,3
after,openmp,4,M,lsdyna,volume,257250,23496751,1160a434114a985a5822a82ea9bda400575644cd5c87389794fc3d6fead78922,89f146b2622358f6c51b63107008f6aafe40d13502e20d55c32cad88e4438cb7,3004eb4364f94341e9f38e036853491cbe3f451371bcb9861eadba116c7e7bc6,b75ff79+hoist-diff,strict Python dispatch,float64-int64,0.3366137630000594,0.17637260200353921,7,1,2034298,264180471,3,643182,104060256,3
after,openmp,4,M,marc,volume,257250,19005099,17c6c72163babf7b782ce522111654c088e0b3b3b910e1357eb4d23b6e87ae40,29b9b1f7ff681463051c70c6f075f2cc639965c37f2883a46c160cea9f8e0b06,3004eb4364f94341e9f38e036853491cbe3f451371bcb9861eadba116c7e7bc6,b75ff79+hoist-diff,strict Python dispatch,float64-int64,0.28468971799884457,0.7522945330019866,7,1,2806066,218386247,3,2196817,210095689,3
after,openmp,4,M,mdpa,volume,257250,12202607,4155e71d03325d0d0f3bd62c9f912eee3bfb2b7567a4da8f0e7a69ab99d36c6f,9c657b462145e0ce8f0b09bab80dc599b3b004a8ef70bc7ca37a4457bc73730e,3004eb4364f94341e9f38e036853491cbe3f451371bcb9861eadba116c7e7bc6,b75ff79+hoist-diff,strict Python dispatch,float64-int64,1.3087056639997172,0.16701317800107063,7,1,0,0,3,303952,14180718,3
after,openmp,4,M,mfem,volume,257250,9633628,f747c735c8542b210a2a1e86e528db4315be9c1cda69db7cdbed800a8155332e,ebbd39e4e17e2789a02b52798b26e20d4b9420a539498574987d1bf15fd8029f,3004eb4364f94341e9f38e036853491cbe3f451371bcb9861eadba116c7e7bc6,b75ff79+hoist-diff,strict Python dispatch,float64-int64,0.2916505909997795,0.15110942400133354,7,1,1511950,328124762,3,1286346,126613779,3
after,openmp,4,M,mff,surface,14700,2,1467fc71e31a32cf0699f2658d00a250fc4e8a3c33275bb6265c9a021985e5ba,0101a54843ac1f44502d412afa968d5d727e29fb2415ac82f8926fbcc4f558e6,3004eb4364f94341e9f38e036853491cbe3f451371bcb9861eadba116c7e7bc6,b75ff79+hoist-diff,strict Python dispatch,float64-int64,2.0308998500695452e-05,0.0002183620017603971,7,1,21,9052,3,9,8700,3
after,openmp,4,M,mfm,volume,257250,16885867,93a87fc0c1b90ad1199a62da8a5f54b3ef6931a59716de99c13a24a230620f00,40725438684cf8ac3cba22ea3d34d5814b46e8e4e3470766c71cc52437d72de1,3004eb4364f94341e9f38e036853491cbe3f451371bcb9861eadba116c7e7bc6,b75ff79+hoist-diff,strict Python dispatch,float64-int64,0.1413635479984805,0.23181696599931456,7,1,57,279846329,3,10,2066700,3
after,openmp,4,M,openfoam,volume,257250,19831278,fe1349dc3e4a2a08f704e6865b05c2e06868c8604d7eac2e7f643e9d0e1a79ed,9bb4ff1bd00ced8549bf152e72940fe9f1c5d3b21872b71e90673e8483b45125,3004eb4364f94341e9f38e036853491cbe3f451371bcb9861eadba116c7e7bc6,b75ff79+hoist-diff,strict Python dispatch,float64-int64,0.3545357259972661,0.5921120829989377,7,1,8565331,425730433,3,6431787,604793031,3
after,openmp,4,M,vtkhdf,volume,257250,1368327,6e7c58ce254767eeb130336ea38659c797b78dbb1ece7097338ae4b15772fa38,10abc12dd13ca22319e89dd1b9ad612dfa83fddc80cf1117e9ac35838c35aaa9,3004eb4364f94341e9f38e036853491cbe3f451371bcb9861eadba116c7e7bc6,b75ff79+hoist-diff,strict Python dispatch,float64-int64,0.03151955100111081,0.04602864499975112,7,1,84,40488549,3,168,63013131,3
after,openmp,4,M,vtp,surface,14700,129604,09c34b322f98ac1d1a868f2cbed3118777a6898cb91fd222e81b1b6f43b0e360,4040e64f53d248a2407ae664acdd5a587436ca7c2f7376c9d869cfc14bfc7233,3004eb4364f94341e9f38e036853491cbe3f451371bcb9861eadba116c7e7bc6,b75ff79+hoist-diff,strict Python dispatch,float64-int64,0.0015130440006032586,0.0064982229996530805,7,1,135,4318735,3,88,2498679,3
after,openmp,4,M,xdmf,volume,257250,1017323,26d2b6ed808e8c91e4ecb160704ac96f8240822e25328577e88c9b251c410c8c,10abc12dd13ca22319e89dd1b9ad612dfa83fddc80cf1117e9ac35838c35aaa9,3004eb4364f94341e9f38e036853491cbe3f451371bcb9861eadba116c7e7bc6,b75ff79+hoist-diff,strict Python dispatch,float64-int64,0.006429877001210116,0.026255402000970207,7,1,72,12478215,3,34,12587096,3
after,openmp,4,M,xyz,surface,14700,300849,056f0656fde92c6baeafaa073f835ae4b8457c12ac7f9cbf07caf6263887b9ea,d1a30f4de2f0fbdc8095d2822ca0d85fca32c0f213fc7fb379b22569c4945eb3,3004eb4364f94341e9f38e036853491cbe3f451371bcb9861eadba116c7e7bc6,b75ff79+hoist-diff,strict Python dispatch,float64-int64,0.0019360170008440036,0.006528788999276003,7,1,29487,2377833,3,38,69635,3
after,openmp,4,L,dex,points,175616,10422799,c4e55c281d530abba4de25876d9902347a5cf29df1d708049935d759487e3bda,0e7c741deb074324a5524a3941f6699225772c906f570dd54816e68865bfeae9,3004eb4364f94341e9f38e036853491cbe3f451371bcb9861eadba116c7e7bc6,b75ff79+hoist-diff,strict Python dispatch,float64-int64,0.06079513399890857,0.2365865190004115,7,1,526923,46858424,3,15,9028,3
after,openmp,4,L,ensight,volume,998250,18080176,d59e6bd55c3e1e73bd251da8f3bca8dffd4215e72d7b1c431f6db5605e18c27c,6a7796c6ddd3f5a4b6d23ec1d3f4002308640ee8603ad1e6284e7bbac83a6641,3004eb4364f94341e9f38e036853491cbe3f451371bcb9861eadba116c7e7bc6,b75ff79+hoist-diff,strict Python dispatch,float64-int64,0.007008753000263823,0.0185670150021906,7,1,53,44599183,3,30,42501188,3
after,openmp,4,L,flac3d,volume,998250,51381665,1e7d093ec7218c0364da758d4ddc0b21dc81b4fe2fb63ae6abf2427e65bd0113,c6660913a5ec2a2a9d20752b7fca94e57b66b76fb44487d75c2822e8ab9ea037,3004eb4364f94341e9f38e036853491cbe3f451371bcb9861eadba116c7e7bc6,b75ff79+hoist-diff,strict Python dispatch,float64-int64,0.4285853050023434,0.5694322210001701,7,1,3170487,201686814,3,998270,55911056,3
after,openmp,4,L,h5m,volume,998250,4210232,0d187a34c7484ac04bd250fbcdcf32adeb5ebcfd5e9bcb40c9f9f9e87e9d3a06,4ddd47fd8e1b7801d6d93377892635f3e7b8f909631b121a6b7d5b777fbaaab6,3004eb4364f94341e9f38e036853491cbe3f451371bcb9861eadba116c7e7bc6,b75ff79+hoist-diff,strict Python dispatch,float64-int64,0.03598525399866048,0.11554141599845025,7,1,94,44907250,3,73,76354853,3
after,openmp,4,L,lsdyna,volume,998250,90868471,ffb9069cf528134a0cf35e3da71b5e7607d57ae04cf07dd4b689e69d82ab9385,07564f1a09f6b556eea01a40059a72a4c605a0cf925700a6bb8e5efd66b03628,3004eb4364f94341e9f38e036853491cbe3f451371bcb9861eadba116c7e7bc6,b75ff79+hoist-diff,strict Python dispatch,float64-int64,1.5491798379989632,0.7891059840003436,7,1,7866122,1039883648,3,2496041,405855521,3
after,openmp,4,L,marc,volume,998250,73362259,b8dcb98b60bacce06c00b3f4982b39115df24fa29635459f3fcf5c32dce5152a,8109f93962286e96cfc3ac2811a6348ffa87ce1a9572247a668f528924ed6ec6,3004eb4364f94341e9f38e036853491cbe3f451371bcb9861eadba116c7e7bc6,b75ff79+hoist-diff,strict Python dispatch,float64-int64,1.1367983239979367,3.0268492700015486,7,1,10860888,858475847,3,8501579,827897691,3
after,openmp,4,L,mdpa,volume,998250,49745512,c5e02e014950022083b60edc01bb07c501024ce22403443e130e2792ae83f128,fe35d76da8b40bc7506634b51a58220e962a2182df259a6741a3431a2e177033,3004eb4364f94341e9f38e036853491cbe3f451371bcb9861eadba116c7e7bc6,b75ff79+hoist-diff,strict Python dispatch,float64-int64,5.285230926998338,0.6241793369990773,7,1,0,0,3,1173916,56530510,3
after,openmp,4,L,mfem,volume,998250,39683925,799ce40400a43232016ad98eb1b747e47576b816b7d460f9d533ba576f4256c9,bca631908768869472344413ac867025ad2aaf0c55580a44c9fed5cd25e71dc2,3004eb4364f94341e9f38e036853491cbe3f451371bcb9861eadba116c7e7bc6,b75ff79+hoist-diff,strict Python dispatch,float64-int64,1.2712094130001788,0.603815313999803,7,1,5850718,1268210733,3,4991354,502281525,3
after,openmp,4,L,mff,surface,36300,2,1467fc71e31a32cf0699f2658d00a250fc4e8a3c33275bb6265c9a021985e5ba,0101a54843ac1f44502d412afa968d5d727e29fb2415ac82f8926fbcc4f558e6,3004eb4364f94341e9f38e036853491cbe3f451371bcb9861eadba116c7e7bc6,b75ff79+hoist-diff,strict Python dispatch,float64-int64,2.55839986493811e-05,0.0002736879978328943,7,1,21,9052,3,9,8700,3
after,openmp,4,L,mfm,volume,998250,67529437,6484a190f08e4dd09aa8a69a2c4a797c9bac7319e9d4e96b658ce85c57ad045c,2d40661747f5d1456781b71453bdcf73bd779f7287cb99891fb32dfd138e8173,3004eb4364f94341e9f38e036853491cbe3f451371bcb9861eadba116c7e7bc6,b75ff79+hoist-diff,strict Python dispatch,float64-int64,0.6077394009989803,0.9429545129969483,7,1,59,1117887737,3,10,7994700,3
after,openmp,4,L,openfoam,volume,998250,81744063,de7285cb400e0961d316038e7a5d09684709e0b6b981703aef9e4930a34730d4,7a73ebf0a9d3be561b3d883e4645bb7f5916ed67ae9dfab9194761fa47445a41,3004eb4364f94341e9f38e036853491cbe3f451371bcb9861eadba116c7e7bc6,b75ff79+hoist-diff,strict Python dispatch,float64-int64,1.4450669450015994,2.265985317000741,7,1,33498991,1638674225,3,24957326,2340072382,3
after,openmp,4,L,vtkhdf,volume,998250,5244914,b0c04858f0f79b3f30a699992f59fec0f6f3e9e01144a30877067713c102594d,a6c1ab90618909845d63861225b578fa46d8de677758f5e8215762e030f0315f,3004eb4364f94341e9f38e036853491cbe3f451371bcb9861eadba116c7e7bc6,b75ff79+hoist-diff,strict Python dispatch,float64-int64,0.122730359002162,0.13575682299779146,7,1,84,156956589,3,210,236646397,3
after,openmp,4,L,vtp,surface,36300,322177,4e4a7ad5e58605e53b6c3c483262da255dc032da27c55e563bac22019f7e0319,b0e9714e47b7e3e948d39b311cdb707004c32406041d20412b1b9429fa1aa77e,3004eb4364f94341e9f38e036853491cbe3f451371bcb9861eadba116c7e7bc6,b75ff79+hoist-diff,strict Python dispatch,float64-int64,0.0034158480011683423,0.014230248001695145,7,1,142,11347277,3,120,6074226,3
after,openmp,4,L,xdmf,volume,998250,3927097,620a3abba77726c60f9d93332c239be4c2178056fdc3e58a21907c677caac8d8,a6c1ab90618909845d63861225b578fa46d8de677758f5e8215762e030f0315f,3004eb4364f94341e9f38e036853491cbe3f451371bcb9861eadba116c7e7bc6,b75ff79+hoist-diff,strict Python dispatch,float64-int64,0.017376201998558827,0.07323942999937572,7,1,98,42195782,3,60,39859404,3
after,openmp,4,L,xyz,surface,36300,752529,878c00fc17b9044831c132350ade6c27dbd744b793dbc949c03cf210572a76a6,d6521cf3b9dccca6f128bb6afe0dfcefe5309a59ff914c3ba8b103b478bc3041,3004eb4364f94341e9f38e036853491cbe3f451371bcb9861eadba116c7e7bc6,b75ff79+hoist-diff,strict Python dispatch,float64-int64,0.004965995001839474,0.01620766099949833,7,1,72693,6869193,3,38,156035,3
before,openmp,8,M,dex,points,46656,2632814,1baa269c7dcdb6199bec3ca3a30c7c120ff01d7ebee3d09b58d02a61c41c3c60,717369658cb2db79ac3e677c8d75fbab7c05903e7ad3b0a1bd6f50ccd0c4699d,33a59a3c6853f1c27248e03a8885c9acb1fb19d0304c7ca2f5c9c8a9acc082e4,b75ff79,strict Python dispatch,float64-int64,0.015724000997579424,0.06163671600006637,7,1,140039,11991315,3,15,9028,3
before,openmp,8,M,ensight,volume,257250,4676656,4ee0372a518fb6fc517cdbb1eaafe74863f088fe9436c517490cbfed742a3f9b,97274077327a0db85a23b5d8b951c2c37e0e7748887fc1cbc60c69bb72d45dda,33a59a3c6853f1c27248e03a8885c9acb1fb19d0304c7ca2f5c9c8a9acc082e4,b75ff79,strict Python dispatch,float64-int64,0.002573533998656785,0.005590793000010308,7,1,61,16287538,3,30,11051588,3
before,openmp,8,M,flac3d,volume,257250,12657537,3a8d72bed4413c0eb06387ec1f38eb6e61cb158e2547088e7abcf08d578929fa,5138fe1033d4b0fa23381923571d1c7e9ee5e0f9f45106ef3469bf873ba45436,33a59a3c6853f1c27248e03a8885c9acb1fb19d0304c7ca2f5c9c8a9acc082e4,b75ff79,strict Python dispatch,float64-int64,0.11952204599947436,0.15365295299852733,7,1,818519,51326222,3,257270,14415056,3
before,openmp,8,M,h5m,volume,257250,1103743,2f504650fb2a965c9b8c7ca6f088fef972f3bdfee6c35442ca3cd3a9cebe9372,b75000fa8593dbaa596ff6e8ef0f556fa27c8cecb99667d804a9fb43410c8b78,33a59a3c6853f1c27248e03a8885c9acb1fb19d0304c7ca2f5c9c8a9acc082e4,b75ff79,strict Python dispatch,float64-int64,0.011128804999316344,0.0383379849990888,7,1,61,12842010,3,41,21192407,3
before,openmp,8,M,lsdyna,volume,257250,23496751,1160a434114a985a5822a82ea9bda400575644cd5c87389794fc3d6fead78922,89f146b2622358f6c51b63107008f6aafe40d13502e20d55c32cad88e4438cb7,33a59a3c6853f1c27248e03a8885c9acb1fb19d0304c7ca2f5c9c8a9acc082e4,b75ff79,strict Python dispatch,float64-int64,0.36526245000277413,0.17455585399875417,7,1,2034298,264180471,3,643182,104060256,3
before,openmp,8,M,marc,volume,257250,19005099,17c6c72163babf7b782ce522111654c088e0b3b3b910e1357eb4d23b6e87ae40,29b9b1f7ff681463051c70c6f075f2cc639965c37f2883a46c160cea9f8e0b06,33a59a3c6853f1c27248e03a8885c9acb1fb19d0304c7ca2f5c9c8a9acc082e4,b75ff79,strict Python dispatch,float64-int64,0.290182384000218,0.7320659600009094,7,1,2806066,218386247,3,2196816,210095649,3
before,openmp,8,M,mdpa,volume,257250,12202607,4155e71d03325d0d0f3bd62c9f912eee3bfb2b7567a4da8f0e7a69ab99d36c6f,9c657b462145e0ce8f0b09bab80dc599b3b004a8ef70bc7ca37a4457bc73730e,33a59a3c6853f1c27248e03a8885c9acb1fb19d0304c7ca2f5c9c8a9acc082e4,b75ff79,strict Python dispatch,float64-int64,1.2809432540016132,0.1613132599995879,7,1,0,0,3,303952,14180718,3
before,openmp,8,M,mfem,volume,257250,9633628,f747c735c8542b210a2a1e86e528db4315be9c1cda69db7cdbed800a8155332e,ebbd39e4e17e2789a02b52798b26e20d4b9420a539498574987d1bf15fd8029f,33a59a3c6853f1c27248e03a8885c9acb1fb19d0304c7ca2f5c9c8a9acc082e4,b75ff79,strict Python dispatch,float64-int64,0.2835513770005491,0.1468254440005694,7,1,1511950,328124762,3,1286346,126613779,3
before,openmp,8,M,mff,surface,14700,2,1467fc71e31a32cf0699f2658d00a250fc4e8a3c33275bb6265c9a021985e5ba,0101a54843ac1f44502d412afa968d5d727e29fb2415ac82f8926fbcc4f558e6,33a59a3c6853f1c27248e03a8885c9acb1fb19d0304c7ca2f5c9c8a9acc082e4,b75ff79,strict Python dispatch,float64-int64,2.168200080632232e-05,0.0002356650002184324,7,1,21,9052,3,9,8700,3
before,openmp,8,M,mfm,volume,257250,16885867,93a87fc0c1b90ad1199a62da8a5f54b3ef6931a59716de99c13a24a230620f00,40725438684cf8ac3cba22ea3d34d5814b46e8e4e3470766c71cc52437d72de1,33a59a3c6853f1c27248e03a8885c9acb1fb19d0304c7ca2f5c9c8a9acc082e4,b75ff79,strict Python dispatch,float64-int64,0.14943308999863802,0.24278473099911935,7,1,57,279846329,3,10,2066700,3
before,openmp,8,M,openfoam,volume,257250,19831278,fe1349dc3e4a2a08f704e6865b05c2e06868c8604d7eac2e7f643e9d0e1a79ed,9bb4ff1bd00ced8549bf152e72940fe9f1c5d3b21872b71e90673e8483b45125,33a59a3c6853f1c27248e03a8885c9acb1fb19d0304c7ca2f5c9c8a9acc082e4,b75ff79,strict Python dispatch,float64-int64,0.3720086139983323,0.5977585780019581,7,1,8565331,425730433,3,6431908,606289487,3
before,openmp,8,M,vtkhdf,volume,257250,1368327,6e7c58ce254767eeb130336ea38659c797b78dbb1ece7097338ae4b15772fa38,10abc12dd13ca22319e89dd1b9ad612dfa83fddc80cf1117e9ac35838c35aaa9,33a59a3c6853f1c27248e03a8885c9acb1fb19d0304c7ca2f5c9c8a9acc082e4,b75ff79,strict Python dispatch,float64-int64,0.02899039100157097,0.047992301999329356,7,1,84,40488549,3,168,63013131,3
before,openmp,8,M,vtp,surface,14700,129604,09c34b322f98ac1d1a868f2cbed3118777a6898cb91fd222e81b1b6f43b0e360,4040e64f53d248a2407ae664acdd5a587436ca7c2f7376c9d869cfc14bfc7233,33a59a3c6853f1c27248e03a8885c9acb1fb19d0304c7ca2f5c9c8a9acc082e4,b75ff79,strict Python dispatch,float64-int64,0.0016976719998638146,0.007076787998812506,7,1,135,4318735,3,88,2498679,3
before,openmp,8,M,xdmf,volume,257250,1017323,26d2b6ed808e8c91e4ecb160704ac96f8240822e25328577e88c9b251c410c8c,10abc12dd13ca22319e89dd1b9ad612dfa83fddc80cf1117e9ac35838c35aaa9,33a59a3c6853f1c27248e03a8885c9acb1fb19d0304c7ca2f5c9c8a9acc082e4,b75ff79,strict Python dispatch,float64-int64,0.006463796999014448,0.028576654000062263,7,1,72,12478215,3,34,12587096,3
before,openmp,8,M,xyz,surface,14700,300849,056f0656fde92c6baeafaa073f835ae4b8457c12ac7f9cbf07caf6263887b9ea,d1a30f4de2f0fbdc8095d2822ca0d85fca32c0f213fc7fb379b22569c4945eb3,33a59a3c6853f1c27248e03a8885c9acb1fb19d0304c7ca2f5c9c8a9acc082e4,b75ff79,strict Python dispatch,float64-int64,0.002032587999565294,0.006914943001902429,7,1,29487,2377833,3,36,69395,3
before,openmp,8,L,dex,points,175616,10422799,c4e55c281d530abba4de25876d9902347a5cf29df1d708049935d759487e3bda,0e7c741deb074324a5524a3941f6699225772c906f570dd54816e68865bfeae9,33a59a3c6853f1c27248e03a8885c9acb1fb19d0304c7ca2f5c9c8a9acc082e4,b75ff79,strict Python dispatch,float64-int64,0.062276576998556266,0.2233965179984807,7,1,526923,46858424,3,15,9028,3
before,openmp,8,L,ensight,volume,998250,18080176,d59e6bd55c3e1e73bd251da8f3bca8dffd4215e72d7b1c431f6db5605e18c27c,6a7796c6ddd3f5a4b6d23ec1d3f4002308640ee8603ad1e6284e7bbac83a6641,33a59a3c6853f1c27248e03a8885c9acb1fb19d0304c7ca2f5c9c8a9acc082e4,b75ff79,strict Python dispatch,float64-int64,0.008187587001884822,0.0243321330017352,7,1,53,44599183,3,30,42501188,3
before,openmp,8,L,flac3d,volume,998250,51381665,1e7d093ec7218c0364da758d4ddc0b21dc81b4fe2fb63ae6abf2427e65bd0113,c6660913a5ec2a2a9d20752b7fca94e57b66b76fb44487d75c2822e8ab9ea037,33a59a3c6853f1c27248e03a8885c9acb1fb19d0304c7ca2f5c9c8a9acc082e4,b75ff79,strict Python dispatch,float64-int64,0.44793543400010094,0.5938492760033114,7,1,3170487,201686814,3,998270,55911056,3
before,openmp,8,L,h5m,volume,998250,4210232,0d187a34c7484ac04bd250fbcdcf32adeb5ebcfd5e9bcb40c9f9f9e87e9d3a06,4ddd47fd8e1b7801d6d93377892635f3e7b8f909631b121a6b7d5b777fbaaab6,33a59a3c6853f1c27248e03a8885c9acb1fb19d0304c7ca2f5c9c8a9acc082e4,b75ff79,strict Python dispatch,float64-int64,0.035416730999713764,0.11454434800180024,7,1,94,44907250,3,73,76354853,3
before,openmp,8,L,lsdyna,volume,998250,90868471,ffb9069cf528134a0cf35e3da71b5e7607d57ae04cf07dd4b689e69d82ab9385,07564f1a09f6b556eea01a40059a72a4c605a0cf925700a6bb8e5efd66b03628,33a59a3c6853f1c27248e03a8885c9acb1fb19d0304c7ca2f5c9c8a9acc082e4,b75ff79,strict Python dispatch,float64-int64,1.55607553200025,0.7644124149992422,7,1,7866122,1039883648,3,2496041,405855521,3
before,openmp,8,L,marc,volume,998250,73362259,b8dcb98b60bacce06c00b3f4982b39115df24fa29635459f3fcf5c32dce5152a,8109f93962286e96cfc3ac2811a6348ffa87ce1a9572247a668f528924ed6ec6,33a59a3c6853f1c27248e03a8885c9acb1fb19d0304c7ca2f5c9c8a9acc082e4,b75ff79,strict Python dispatch,float64-int64,1.150978423000197,2.9759048100022483,7,1,10860888,858475847,3,8501578,827897651,3
before,openmp,8,L,mdpa,volume,998250,49745512,c5e02e014950022083b60edc01bb07c501024ce22403443e130e2792ae83f128,fe35d76da8b40bc7506634b51a58220e962a2182df259a6741a3431a2e177033,33a59a3c6853f1c27248e03a8885c9acb1fb19d0304c7ca2f5c9c8a9acc082e4,b75ff79,strict Python dispatch,float64-int64,5.146584887999779,0.6359467870024673,7,1,0,0,3,1173916,56530510,3
before,openmp,8,L,mfem,volume,998250,39683925,799ce40400a43232016ad98eb1b747e47576b816b7d460f9d533ba576f4256c9,bca631908768869472344413ac867025ad2aaf0c55580a44c9fed5cd25e71dc2,33a59a3c6853f1c27248e03a8885c9acb1fb19d0304c7ca2f5c9c8a9acc082e4,b75ff79,strict Python dispatch,float64-int64,1.281455473999813,0.6151455719991645,7,1,5850718,1268210733,3,4991354,502281525,3
before,openmp,8,L,mff,surface,36300,2,1467fc71e31a32cf0699f2658d00a250fc4e8a3c33275bb6265c9a021985e5ba,0101a54843ac1f44502d412afa968d5d727e29fb2415ac82f8926fbcc4f558e6,33a59a3c6853f1c27248e03a8885c9acb1fb19d0304c7ca2f5c9c8a9acc082e4,b75ff79,strict Python dispatch,float64-int64,1.8906001059804112e-05,0.0001452409997000359,7,1,21,9052,3,9,8700,3
before,openmp,8,L,mfm,volume,998250,67529437,6484a190f08e4dd09aa8a69a2c4a797c9bac7319e9d4e96b658ce85c57ad045c,2d40661747f5d1456781b71453bdcf73bd779f7287cb99891fb32dfd138e8173,33a59a3c6853f1c27248e03a8885c9acb1fb19d0304c7ca2f5c9c8a9acc082e4,b75ff79,strict Python dispatch,float64-int64,0.5903481029999966,0.9531797599993297,7,1,59,1117887737,3,10,7994700,3
before,openmp,8,L,openfoam,volume,998250,81744063,de7285cb400e0961d316038e7a5d09684709e0b6b981703aef9e4930a34730d4,7a73ebf0a9d3be561b3d883e4645bb7f5916ed67ae9dfab9194761fa47445a41,33a59a3c6853f1c27248e03a8885c9acb1fb19d0304c7ca2f5c9c8a9acc082e4,b75ff79,strict Python dispatch,float64-int64,1.5219076350003888,2.2707599280001887,7,1,33498991,1638674225,3,24957458,2345695870,3
before,openmp,8,L,vtkhdf,volume,998250,5244914,b0c04858f0f79b3f30a699992f59fec0f6f3e9e01144a30877067713c102594d,a6c1ab90618909845d63861225b578fa46d8de677758f5e8215762e030f0315f,33a59a3c6853f1c27248e03a8885c9acb1fb19d0304c7ca2f5c9c8a9acc082e4,b75ff79,strict Python dispatch,float64-int64,0.1184833540028194,0.14583124699856853,7,1,84,156956589,3,210,236646397,3
before,openmp,8,L,vtp,surface,36300,322177,4e4a7ad5e58605e53b6c3c483262da255dc032da27c55e563bac22019f7e0319,b0e9714e47b7e3e948d39b311cdb707004c32406041d20412b1b9429fa1aa77e,33a59a3c6853f1c27248e03a8885c9acb1fb19d0304c7ca2f5c9c8a9acc082e4,b75ff79,strict Python dispatch,float64-int64,0.0036182350013405085,0.015140162002353463,7,1,142,11347277,3,120,6074226,3
before,openmp,8,L,xdmf,volume,998250,3927097,620a3abba77726c60f9d93332c239be4c2178056fdc3e58a21907c677caac8d8,a6c1ab90618909845d63861225b578fa46d8de677758f5e8215762e030f0315f,33a59a3c6853f1c27248e03a8885c9acb1fb19d0304c7ca2f5c9c8a9acc082e4,b75ff79,strict Python dispatch,float64-int64,0.018159755996748572,0.0756134410003142,7,1,98,42195782,3,60,39859404,3
before,openmp,8,L,xyz,surface,36300,752529,878c00fc17b9044831c132350ade6c27dbd744b793dbc949c03cf210572a76a6,d6521cf3b9dccca6f128bb6afe0dfcefe5309a59ff914c3ba8b103b478bc3041,33a59a3c6853f1c27248e03a8885c9acb1fb19d0304c7ca2f5c9c8a9acc082e4,b75ff79,strict Python dispatch,float64-int64,0.0047135530003288295,0.016933449001953704,7,1,72693,6869193,3,36,155795,3
after,openmp,8,M,dex,points,46656,2632814,1baa269c7dcdb6199bec3ca3a30c7c120ff01d7ebee3d09b58d02a61c41c3c60,717369658cb2db79ac3e677c8d75fbab7c05903e7ad3b0a1bd6f50ccd0c4699d,3004eb4364f94341e9f38e036853491cbe3f451371bcb9861eadba116c7e7bc6,b75ff79+hoist-diff,strict Python dispatch,float64-int64,0.015611600996635389,0.060743439997168025,7,1,140039,11991315,3,15,9028,3
after,openmp,8,M,ensight,volume,257250,4676656,4ee0372a518fb6fc517cdbb1eaafe74863f088fe9436c517490cbfed742a3f9b,97274077327a0db85a23b5d8b951c2c37e0e7748887fc1cbc60c69bb72d45dda,3004eb4364f94341e9f38e036853491cbe3f451371bcb9861eadba116c7e7bc6,b75ff79+hoist-diff,strict Python dispatch,float64-int64,0.002544238002883503,0.004455779999261722,7,1,61,16287538,3,30,11051588,3
after,openmp,8,M,flac3d,volume,257250,12657537,3a8d72bed4413c0eb06387ec1f38eb6e61cb158e2547088e7abcf08d578929fa,5138fe1033d4b0fa23381923571d1c7e9ee5e0f9f45106ef3469bf873ba45436,3004eb4364f94341e9f38e036853491cbe3f451371bcb9861eadba116c7e7bc6,b75ff79+hoist-diff,strict Python dispatch,float64-int64,0.11963791599919205,0.15101988700189395,7,1,818519,51326222,3,257270,14415056,3
after,openmp,8,M,h5m,volume,257250,1103743,2f504650fb2a965c9b8c7ca6f088fef972f3bdfee6c35442ca3cd3a9cebe9372,b75000fa8593dbaa596ff6e8ef0f556fa27c8cecb99667d804a9fb43410c8b78,3004eb4364f94341e9f38e036853491cbe3f451371bcb9861eadba116c7e7bc6,b75ff79+hoist-diff,strict Python dispatch,float64-int64,0.011945685997488908,0.04202328999963356,7,1,61,12842010,3,41,21192407,3
after,openmp,8,M,lsdyna,volume,257250,23496751,1160a434114a985a5822a82ea9bda400575644cd5c87389794fc3d6fead78922,89f146b2622358f6c51b63107008f6aafe40d13502e20d55c32cad88e4438cb7,3004eb4364f94341e9f38e036853491cbe3f451371bcb9861eadba116c7e7bc6,b75ff79+hoist-diff,strict Python dispatch,float64-int64,0.35341762399912113,0.1748313899988716,7,1,2034298,264180471,3,643182,104060256,3
after,openmp,8,M,marc,volume,257250,19005099,17c6c72163babf7b782ce522111654c088e0b3b3b910e1357eb4d23b6e87ae40,29b9b1f7ff681463051c70c6f075f2cc639965c37f2883a46c160cea9f8e0b06,3004eb4364f94341e9f38e036853491cbe3f451371bcb9861eadba116c7e7bc6,b75ff79+hoist-diff,strict Python dispatch,float64-int64,0.27540071199837257,0.7190343989968824,7,1,2806066,218386247,3,2196817,210095689,3
after,openmp,8,M,mdpa,volume,257250,12202607,4155e71d03325d0d0f3bd62c9f912eee3bfb2b7567a4da8f0e7a69ab99d36c6f,9c657b462145e0ce8f0b09bab80dc599b3b004a8ef70bc7ca37a4457bc73730e,3004eb4364f94341e9f38e036853491cbe3f451371bcb9861eadba116c7e7bc6,b75ff79+hoist-diff,strict Python dispatch,float64-int64,1.262961374999577,0.16021209000246017,7,1,0,0,3,303952,14180718,3
after,openmp,8,M,mfem,volume,257250,9633628,f747c735c8542b210a2a1e86e528db4315be9c1cda69db7cdbed800a8155332e,ebbd39e4e17e2789a02b52798b26e20d4b9420a539498574987d1bf15fd8029f,3004eb4364f94341e9f38e036853491cbe3f451371bcb9861eadba116c7e7bc6,b75ff79+hoist-diff,strict Python dispatch,float64-int64,0.27862293400175986,0.2134394210006576,7,1,1511950,328124762,3,1286346,126613779,3
after,openmp,8,M,mff,surface,14700,2,1467fc71e31a32cf0699f2658d00a250fc4e8a3c33275bb6265c9a021985e5ba,0101a54843ac1f44502d412afa968d5d727e29fb2415ac82f8926fbcc4f558e6,3004eb4364f94341e9f38e036853491cbe3f451371bcb9861eadba116c7e7bc6,b75ff79+hoist-diff,strict Python dispatch,float64-int64,1.9780000002356246e-05,0.0003506379980535712,7,1,21,9052,3,9,8700,3
after,openmp,8,M,mfm,volume,257250,16885867,93a87fc0c1b90ad1199a62da8a5f54b3ef6931a59716de99c13a24a230620f00,40725438684cf8ac3cba22ea3d34d5814b46e8e4e3470766c71cc52437d72de1,3004eb4364f94341e9f38e036853491cbe3f451371bcb9861eadba116c7e7bc6,b75ff79+hoist-diff,strict Python dispatch,float64-int64,0.14669779099858715,0.2434789319995616,7,1,57,279846329,3,10,2066700,3
after,openmp,8,M,openfoam,volume,257250,19831278,fe1349dc3e4a2a08f704e6865b05c2e06868c8604d7eac2e7f643e9d0e1a79ed,9bb4ff1bd00ced8549bf152e72940fe9f1c5d3b21872b71e90673e8483b45125,3004eb4364f94341e9f38e036853491cbe3f451371bcb9861eadba116c7e7bc6,b75ff79+hoist-diff,strict Python dispatch,float64-int64,0.3551702979966649,0.5799701649993949,7,1,8565331,425730433,3,6431897,606289175,3
after,openmp,8,M,vtkhdf,volume,257250,1368327,6e7c58ce254767eeb130336ea38659c797b78dbb1ece7097338ae4b15772fa38,10abc12dd13ca22319e89dd1b9ad612dfa83fddc80cf1117e9ac35838c35aaa9,3004eb4364f94341e9f38e036853491cbe3f451371bcb9861eadba116c7e7bc6,b75ff79+hoist-diff,strict Python dispatch,float64-int64,0.0305320869993011,0.04896587300027022,7,1,84,40488549,3,168,63013131,3
after,openmp,8,M,vtp,surface,14700,129604,09c34b322f98ac1d1a868f2cbed3118777a6898cb91fd222e81b1b6f43b0e360,4040e64f53d248a2407ae664acdd5a587436ca7c2f7376c9d869cfc14bfc7233,3004eb4364f94341e9f38e036853491cbe3f451371bcb9861eadba116c7e7bc6,b75ff79+hoist-diff,strict Python dispatch,float64-int64,0.0017336700002488215,0.0070408410028903745,7,1,135,4318735,3,88,2498679,3
after,openmp,8,M,xdmf,volume,257250,1017323,26d2b6ed808e8c91e4ecb160704ac96f8240822e25328577e88c9b251c410c8c,10abc12dd13ca22319e89dd1b9ad612dfa83fddc80cf1117e9ac35838c35aaa9,3004eb4364f94341e9f38e036853491cbe3f451371bcb9861eadba116c7e7bc6,b75ff79+hoist-diff,strict Python dispatch,float64-int64,0.006848877001175424,0.02944568200109643,7,1,72,12478215,3,34,12587096,3
after,openmp,8,M,xyz,surface,14700,300849,056f0656fde92c6baeafaa073f835ae4b8457c12ac7f9cbf07caf6263887b9ea,d1a30f4de2f0fbdc8095d2822ca0d85fca32c0f213fc7fb379b22569c4945eb3,3004eb4364f94341e9f38e036853491cbe3f451371bcb9861eadba116c7e7bc6,b75ff79+hoist-diff,strict Python dispatch,float64-int64,0.001983748999919044,0.0066284720014664344,7,1,29487,2377833,3,38,69635,3
after,openmp,8,L,dex,points,175616,10422799,c4e55c281d530abba4de25876d9902347a5cf29df1d708049935d759487e3bda,0e7c741deb074324a5524a3941f6699225772c906f570dd54816e68865bfeae9,3004eb4364f94341e9f38e036853491cbe3f451371bcb9861eadba116c7e7bc6,b75ff79+hoist-diff,strict Python dispatch,float64-int64,0.060613616999035,0.2216436540002178,7,1,526923,46858424,3,15,9028,3
after,openmp,8,L,ensight,volume,998250,18080176,d59e6bd55c3e1e73bd251da8f3bca8dffd4215e72d7b1c431f6db5605e18c27c,6a7796c6ddd3f5a4b6d23ec1d3f4002308640ee8603ad1e6284e7bbac83a6641,3004eb4364f94341e9f38e036853491cbe3f451371bcb9861eadba116c7e7bc6,b75ff79+hoist-diff,strict Python dispatch,float64-int64,0.007954859000165015,0.018916204000561265,7,1,53,44599183,3,30,42501188,3
after,openmp,8,L,flac3d,volume,998250,51381665,1e7d093ec7218c0364da758d4ddc0b21dc81b4fe2fb63ae6abf2427e65bd0113,c6660913a5ec2a2a9d20752b7fca94e57b66b76fb44487d75c2822e8ab9ea037,3004eb4364f94341e9f38e036853491cbe3f451371bcb9861eadba116c7e7bc6,b75ff79+hoist-diff,strict Python dispatch,float64-int64,0.4479456530025345,0.5844164340014686,7,1,3170487,201686814,3,998270,55911056,3
after,openmp,8,L,h5m,volume,998250,4210232,0d187a34c7484ac04bd250fbcdcf32adeb5ebcfd5e9bcb40c9f9f9e87e9d3a06,4ddd47fd8e1b7801d6d93377892635f3e7b8f909631b121a6b7d5b777fbaaab6,3004eb4364f94341e9f38e036853491cbe3f451371bcb9861eadba116c7e7bc6,b75ff79+hoist-diff,strict Python dispatch,float64-int64,0.034172182000475004,0.10860100900026737,7,1,94,44907250,3,73,76354853,3
after,openmp,8,L,lsdyna,volume,998250,90868471,ffb9069cf528134a0cf35e3da71b5e7607d57ae04cf07dd4b689e69d82ab9385,07564f1a09f6b556eea01a40059a72a4c605a0cf925700a6bb8e5efd66b03628,3004eb4364f94341e9f38e036853491cbe3f451371bcb9861eadba116c7e7bc6,b75ff79+hoist-diff,strict Python dispatch,float64-int64,1.6252096089992847,0.774048794999544,7,1,7866122,1039883648,3,2496041,405855521,3
after,openmp,8,L,marc,volume,998250,73362259,b8dcb98b60bacce06c00b3f4982b39115df24fa29635459f3fcf5c32dce5152a,8109f93962286e96cfc3ac2811a6348ffa87ce1a9572247a668f528924ed6ec6,3004eb4364f94341e9f38e036853491cbe3f451371bcb9861eadba116c7e7bc6,b75ff79+hoist-diff,strict Python dispatch,float64-int64,1.1380650600003719,2.9450983880014974,7,1,10860888,858475847,3,8501579,827897691,3
after,openmp,8,L,mdpa,volume,998250,49745512,c5e02e014950022083b60edc01bb07c501024ce22403443e130e2792ae83f128,fe35d76da8b40bc7506634b51a58220e962a2182df259a6741a3431a2e177033,3004eb4364f94341e9f38e036853491cbe3f451371bcb9861eadba116c7e7bc6,b75ff79+hoist-diff,strict Python dispatch,float64-int64,5.3565348259980965,0.6154932770004962,7,1,0,0,3,1173916,56530510,3
after,openmp,8,L,mfem,volume,998250,39683925,799ce40400a43232016ad98eb1b747e47576b816b7d460f9d533ba576f4256c9,bca631908768869472344413ac867025ad2aaf0c55580a44c9fed5cd25e71dc2,3004eb4364f94341e9f38e036853491cbe3f451371bcb9861eadba116c7e7bc6,b75ff79+hoist-diff,strict Python dispatch,float64-int64,1.3148502520016336,0.6643423940004141,7,1,5850718,1268210733,3,4991354,502281525,3
after,openmp,8,L,mff,surface,36300,2,1467fc71e31a32cf0699f2658d00a250fc4e8a3c33275bb6265c9a021985e5ba,0101a54843ac1f44502d412afa968d5d727e29fb2415ac82f8926fbcc4f558e6,3004eb4364f94341e9f38e036853491cbe3f451371bcb9861eadba116c7e7bc6,b75ff79+hoist-diff,strict Python dispatch,float64-int64,2.016799771809019e-05,0.00023373699877993204,7,1,21,9052,3,9,8700,3
after,openmp,8,L,mfm,volume,998250,67529437,6484a190f08e4dd09aa8a69a2c4a797c9bac7319e9d4e96b658ce85c57ad045c,2d40661747f5d1456781b71453bdcf73bd779f7287cb99891fb32dfd138e8173,3004eb4364f94341e9f38e036853491cbe3f451371bcb9861eadba116c7e7bc6,b75ff79+hoist-diff,strict Python dispatch,float64-int64,0.6537395810009912,0.9204237049998483,7,1,59,1117887737,3,10,7994700,3
after,openmp,8,L,openfoam,volume,998250,81744063,de7285cb400e0961d316038e7a5d09684709e0b6b981703aef9e4930a34730d4,7a73ebf0a9d3be561b3d883e4645bb7f5916ed67ae9dfab9194761fa47445a41,3004eb4364f94341e9f38e036853491cbe3f451371bcb9861eadba116c7e7bc6,b75ff79+hoist-diff,strict Python dispatch,float64-int64,1.488294541999494,2.350931369001046,7,1,33498991,1638674225,3,24957458,2345695870,3
after,openmp,8,L,vtkhdf,volume,998250,5244914,b0c04858f0f79b3f30a699992f59fec0f6f3e9e01144a30877067713c102594d,a6c1ab90618909845d63861225b578fa46d8de677758f5e8215762e030f0315f,3004eb4364f94341e9f38e036853491cbe3f451371bcb9861eadba116c7e7bc6,b75ff79+hoist-diff,strict Python dispatch,float64-int64,0.15624789299909025,0.15332052500161808,7,1,84,156956589,3,210,236646397,3
after,openmp,8,L,vtp,surface,36300,322177,4e4a7ad5e58605e53b6c3c483262da255dc032da27c55e563bac22019f7e0319,b0e9714e47b7e3e948d39b311cdb707004c32406041d20412b1b9429fa1aa77e,3004eb4364f94341e9f38e036853491cbe3f451371bcb9861eadba116c7e7bc6,b75ff79+hoist-diff,strict Python dispatch,float64-int64,0.003796773999056313,0.015474761999939801,7,1,142,11347277,3,120,6074226,3
after,openmp,8,L,xdmf,volume,998250,3927097,620a3abba77726c60f9d93332c239be4c2178056fdc3e58a21907c677caac8d8,a6c1ab90618909845d63861225b578fa46d8de677758f5e8215762e030f0315f,3004eb4364f94341e9f38e036853491cbe3f451371bcb9861eadba116c7e7bc6,b75ff79+hoist-diff,strict Python dispatch,float64-int64,0.018108264997863444,0.07442200700097601,7,1,98,42195782,3,60,39859404,3
after,openmp,8,L,xyz,surface,36300,752529,878c00fc17b9044831c132350ade6c27dbd744b793dbc949c03cf210572a76a6,d6521cf3b9dccca6f128bb6afe0dfcefe5309a59ff914c3ba8b103b478bc3041,3004eb4364f94341e9f38e036853491cbe3f451371bcb9861eadba116c7e7bc6,b75ff79+hoist-diff,strict Python dispatch,float64-int64,0.004794368000148097,0.015984328998456476,7,1,72693,6869193,3,38,156035,3
before,tbb,1,M,dex,points,46656,2632814,1baa269c7dcdb6199bec3ca3a30c7c120ff01d7ebee3d09b58d02a61c41c3c60,717369658cb2db79ac3e677c8d75fbab7c05903e7ad3b0a1bd6f50ccd0c4699d,321b593721d61e6dea64617ff141c8a2e977a56d8f74f171aa9cc6155193e130,b75ff79,strict Python dispatch,float64-int64,0.015266793998307548,0.05981206099750125,7,1,140039,11991315,3,15,9028,3
before,tbb,1,M,ensight,volume,257250,4676656,4ee0372a518fb6fc517cdbb1eaafe74863f088fe9436c517490cbfed742a3f9b,97274077327a0db85a23b5d8b951c2c37e0e7748887fc1cbc60c69bb72d45dda,321b593721d61e6dea64617ff141c8a2e977a56d8f74f171aa9cc6155193e130,b75ff79,strict Python dispatch,float64-int64,0.0026398009977128822,0.005881974997464567,7,1,61,16287538,3,30,11051588,3
before,tbb,1,M,flac3d,volume,257250,12657537,3a8d72bed4413c0eb06387ec1f38eb6e61cb158e2547088e7abcf08d578929fa,5138fe1033d4b0fa23381923571d1c7e9ee5e0f9f45106ef3469bf873ba45436,321b593721d61e6dea64617ff141c8a2e977a56d8f74f171aa9cc6155193e130,b75ff79,strict Python dispatch,float64-int64,0.0995057709988032,0.18108981000114,7,1,818519,51326222,3,257270,14415056,3
before,tbb,1,M,h5m,volume,257250,1103743,2f504650fb2a965c9b8c7ca6f088fef972f3bdfee6c35442ca3cd3a9cebe9372,b75000fa8593dbaa596ff6e8ef0f556fa27c8cecb99667d804a9fb43410c8b78,321b593721d61e6dea64617ff141c8a2e977a56d8f74f171aa9cc6155193e130,b75ff79,strict Python dispatch,float64-int64,0.02877603600063594,0.08780887499960954,7,1,61,12842010,3,41,21192407,3
before,tbb,1,M,lsdyna,volume,257250,23496751,1160a434114a985a5822a82ea9bda400575644cd5c87389794fc3d6fead78922,89f146b2622358f6c51b63107008f6aafe40d13502e20d55c32cad88e4438cb7,321b593721d61e6dea64617ff141c8a2e977a56d8f74f171aa9cc6155193e130,b75ff79,strict Python dispatch,float64-int64,0.32124354699772084,0.38372455099670333,7,1,2034298,264180471,3,643182,104060256,3
before,tbb,1,M,marc,volume,257250,19005099,17c6c72163babf7b782ce522111654c088e0b3b3b910e1357eb4d23b6e87ae40,29b9b1f7ff681463051c70c6f075f2cc639965c37f2883a46c160cea9f8e0b06,321b593721d61e6dea64617ff141c8a2e977a56d8f74f171aa9cc6155193e130,b75ff79,strict Python dispatch,float64-int64,0.28851000999929965,0.7259040310018463,7,1,2806066,218386247,3,2196816,210095649,3
before,tbb,1,M,mdpa,volume,257250,12202607,4155e71d03325d0d0f3bd62c9f912eee3bfb2b7567a4da8f0e7a69ab99d36c6f,9c657b462145e0ce8f0b09bab80dc599b3b004a8ef70bc7ca37a4457bc73730e,321b593721d61e6dea64617ff141c8a2e977a56d8f74f171aa9cc6155193e130,b75ff79,strict Python dispatch,float64-int64,1.2806585420003103,0.15830632299912395,7,1,0,0,3,303952,14180718,3
before,tbb,1,M,mfem,volume,257250,9633628,f747c735c8542b210a2a1e86e528db4315be9c1cda69db7cdbed800a8155332e,ebbd39e4e17e2789a02b52798b26e20d4b9420a539498574987d1bf15fd8029f,321b593721d61e6dea64617ff141c8a2e977a56d8f74f171aa9cc6155193e130,b75ff79,strict Python dispatch,float64-int64,0.2804295739988447,0.14770465200126637,7,1,1511950,328124762,3,1286346,126613779,3
before,tbb,1,M,mff,surface,14700,2,1467fc71e31a32cf0699f2658d00a250fc4e8a3c33275bb6265c9a021985e5ba,0101a54843ac1f44502d412afa968d5d727e29fb2415ac82f8926fbcc4f558e6,321b593721d61e6dea64617ff141c8a2e977a56d8f74f171aa9cc6155193e130,b75ff79,strict Python dispatch,float64-int64,2.5244000426027924e-05,0.00023746099759591743,7,1,21,9052,3,9,8700,3
before,tbb,1,M,mfm,volume,257250,16885867,93a87fc0c1b90ad1199a62da8a5f54b3ef6931a59716de99c13a24a230620f00,40725438684cf8ac3cba22ea3d34d5814b46e8e4e3470766c71cc52437d72de1,321b593721d61e6dea64617ff141c8a2e977a56d8f74f171aa9cc6155193e130,b75ff79,strict Python dispatch,float64-int64,0.14198017099988647,0.23572344499916653,7,1,57,279846329,3,10,2066700,3
before,tbb,1,M,openfoam,volume,257250,19831278,fe1349dc3e4a2a08f704e6865b05c2e06868c8604d7eac2e7f643e9d0e1a79ed,9bb4ff1bd00ced8549bf152e72940fe9f1c5d3b21872b71e90673e8483b45125,321b593721d61e6dea64617ff141c8a2e977a56d8f74f171aa9cc6155193e130,b75ff79,strict Python dispatch,float64-int64,0.45963742900130455,0.8602930839988403,7,1,8565331,425730433,3,6431784,565726783,3
before,tbb,1,M,vtkhdf,volume,257250,1368327,6e7c58ce254767eeb130336ea38659c797b78dbb1ece7097338ae4b15772fa38,10abc12dd13ca22319e89dd1b9ad612dfa83fddc80cf1117e9ac35838c35aaa9,321b593721d61e6dea64617ff141c8a2e977a56d8f74f171aa9cc6155193e130,b75ff79,strict Python dispatch,float64-int64,0.029093715998897096,0.10123929100154783,7,1,84,40488549,3,168,63013131,3
before,tbb,1,M,vtp,surface,14700,129604,09c34b322f98ac1d1a868f2cbed3118777a6898cb91fd222e81b1b6f43b0e360,4040e64f53d248a2407ae664acdd5a587436ca7c2f7376c9d869cfc14bfc7233,321b593721d61e6dea64617ff141c8a2e977a56d8f74f171aa9cc6155193e130,b75ff79,strict Python dispatch,float64-int64,0.0023511390027124435,0.01897198200094863,7,1,135,4318735,3,88,2498679,3
before,tbb,1,M,xdmf,volume,257250,1017323,26d2b6ed808e8c91e4ecb160704ac96f8240822e25328577e88c9b251c410c8c,10abc12dd13ca22319e89dd1b9ad612dfa83fddc80cf1117e9ac35838c35aaa9,321b593721d61e6dea64617ff141c8a2e977a56d8f74f171aa9cc6155193e130,b75ff79,strict Python dispatch,float64-int64,0.017051228998752777,0.0702709919969493,7,1,72,12478215,3,34,12587096,3
before,tbb,1,M,xyz,surface,14700,300849,056f0656fde92c6baeafaa073f835ae4b8457c12ac7f9cbf07caf6263887b9ea,d1a30f4de2f0fbdc8095d2822ca0d85fca32c0f213fc7fb379b22569c4945eb3,321b593721d61e6dea64617ff141c8a2e977a56d8f74f171aa9cc6155193e130,b75ff79,strict Python dispatch,float64-int64,0.0019635040007415228,0.0068259300023783,7,1,29487,2377833,3,36,69395,3
before,tbb,1,L,dex,points,175616,10422799,c4e55c281d530abba4de25876d9902347a5cf29df1d708049935d759487e3bda,0e7c741deb074324a5524a3941f6699225772c906f570dd54816e68865bfeae9,321b593721d61e6dea64617ff141c8a2e977a56d8f74f171aa9cc6155193e130,b75ff79,strict Python dispatch,float64-int64,0.059233166997728404,0.22237478500028374,7,1,526923,46858424,3,15,9028,3
before,tbb,1,L,ensight,volume,998250,18080176,d59e6bd55c3e1e73bd251da8f3bca8dffd4215e72d7b1c431f6db5605e18c27c,6a7796c6ddd3f5a4b6d23ec1d3f4002308640ee8603ad1e6284e7bbac83a6641,321b593721d61e6dea64617ff141c8a2e977a56d8f74f171aa9cc6155193e130,b75ff79,strict Python dispatch,float64-int64,0.0074242800001229625,0.023685844000283396,7,1,53,44599183,3,30,42501188,3
before,tbb,1,L,flac3d,volume,998250,51381665,1e7d093ec7218c0364da758d4ddc0b21dc81b4fe2fb63ae6abf2427e65bd0113,c6660913a5ec2a2a9d20752b7fca94e57b66b76fb44487d75c2822e8ab9ea037,321b593721d61e6dea64617ff141c8a2e977a56d8f74f171aa9cc6155193e130,b75ff79,strict Python dispatch,float64-int64,0.4278429079968191,0.6797678069997346,7,1,3170487,201686814,3,998270,55911056,3
before,tbb,1,L,h5m,volume,998250,4210232,0d187a34c7484ac04bd250fbcdcf32adeb5ebcfd5e9bcb40c9f9f9e87e9d3a06,4ddd47fd8e1b7801d6d93377892635f3e7b8f909631b121a6b7d5b777fbaaab6,321b593721d61e6dea64617ff141c8a2e977a56d8f74f171aa9cc6155193e130,b75ff79,strict Python dispatch,float64-int64,0.08014787600041018,0.3077572689981025,7,1,94,44907250,3,73,76354853,3
before,tbb,1,L,lsdyna,volume,998250,90868471,ffb9069cf528134a0cf35e3da71b5e7607d57ae04cf07dd4b689e69d82ab9385,07564f1a09f6b556eea01a40059a72a4c605a0cf925700a6bb8e5efd66b03628,321b593721d61e6dea64617ff141c8a2e977a56d8f74f171aa9cc6155193e130,b75ff79,strict Python dispatch,float64-int64,1.4985388210006931,1.7523659670005145,7,1,7866122,1039883648,3,2496041,405855521,3
before,tbb,1,L,marc,volume,998250,73362259,b8dcb98b60bacce06c00b3f4982b39115df24fa29635459f3fcf5c32dce5152a,8109f93962286e96cfc3ac2811a6348ffa87ce1a9572247a668f528924ed6ec6,321b593721d61e6dea64617ff141c8a2e977a56d8f74f171aa9cc6155193e130,b75ff79,strict Python dispatch,float64-int64,1.1978771810026956,2.9705616700011888,7,1,10860888,858475847,3,8501578,827897651,3
before,tbb,1,L,mdpa,volume,998250,49745512,c5e02e014950022083b60edc01bb07c501024ce22403443e130e2792ae83f128,fe35d76da8b40bc7506634b51a58220e962a2182df259a6741a3431a2e177033,321b593721d61e6dea64617ff141c8a2e977a56d8f74f171aa9cc6155193e130,b75ff79,strict Python dispatch,float64-int64,5.010547667003266,0.6366269549980643,7,1,0,0,3,1173916,56530510,3
before,tbb,1,L,mfem,volume,998250,39683925,799ce40400a43232016ad98eb1b747e47576b816b7d460f9d533ba576f4256c9,bca631908768869472344413ac867025ad2aaf0c55580a44c9fed5cd25e71dc2,321b593721d61e6dea64617ff141c8a2e977a56d8f74f171aa9cc6155193e130,b75ff79,strict Python dispatch,float64-int64,1.2121930190005514,0.5874229319997539,7,1,5850718,1268210733,3,4991354,502281525,3
before,tbb,1,L,mff,surface,36300,2,1467fc71e31a32cf0699f2658d00a250fc4e8a3c33275bb6265c9a021985e5ba,0101a54843ac1f44502d412afa968d5d727e29fb2415ac82f8926fbcc4f558e6,321b593721d61e6dea64617ff141c8a2e977a56d8f74f171aa9cc6155193e130,b75ff79,strict Python dispatch,float64-int64,1.9949999114032835e-05,0.0002511830025468953,7,1,21,9052,3,9,8700,3
before,tbb,1,L,mfm,volume,998250,67529437,6484a190f08e4dd09aa8a69a2c4a797c9bac7319e9d4e96b658ce85c57ad045c,2d40661747f5d1456781b71453bdcf73bd779f7287cb99891fb32dfd138e8173,321b593721d61e6dea64617ff141c8a2e977a56d8f74f171aa9cc6155193e130,b75ff79,strict Python dispatch,float64-int64,0.5935846569991554,0.9353315669977746,7,1,59,1117887737,3,10,7994700,3
before,tbb,1,L,openfoam,volume,998250,81744063,de7285cb400e0961d316038e7a5d09684709e0b6b981703aef9e4930a34730d4,7a73ebf0a9d3be561b3d883e4645bb7f5916ed67ae9dfab9194761fa47445a41,321b593721d61e6dea64617ff141c8a2e977a56d8f74f171aa9cc6155193e130,b75ff79,strict Python dispatch,float64-int64,1.9444929269993736,3.4342507809997187,7,1,33498991,1638674225,3,24957323,2189397782,3
before,tbb,1,L,vtkhdf,volume,998250,5244914,b0c04858f0f79b3f30a699992f59fec0f6f3e9e01144a30877067713c102594d,a6c1ab90618909845d63861225b578fa46d8de677758f5e8215762e030f0315f,321b593721d61e6dea64617ff141c8a2e977a56d8f74f171aa9cc6155193e130,b75ff79,strict Python dispatch,float64-int64,0.11907773400162114,0.3732182690000627,7,1,84,156956589,3,210,236646397,3
before,tbb,1,L,vtp,surface,36300,322177,4e4a7ad5e58605e53b6c3c483262da255dc032da27c55e563bac22019f7e0319,b0e9714e47b7e3e948d39b311cdb707004c32406041d20412b1b9429fa1aa77e,321b593721d61e6dea64617ff141c8a2e977a56d8f74f171aa9cc6155193e130,b75ff79,strict Python dispatch,float64-int64,0.005762150998634752,0.047401580999576254,7,1,142,11347277,3,120,6074226,3
before,tbb,1,L,xdmf,volume,998250,3927097,620a3abba77726c60f9d93332c239be4c2178056fdc3e58a21907c677caac8d8,a6c1ab90618909845d63861225b578fa46d8de677758f5e8215762e030f0315f,321b593721d61e6dea64617ff141c8a2e977a56d8f74f171aa9cc6155193e130,b75ff79,strict Python dispatch,float64-int64,0.06058784200286027,0.2517148080005427,7,1,98,42195782,3,60,39859404,3
before,tbb,1,L,xyz,surface,36300,752529,878c00fc17b9044831c132350ade6c27dbd744b793dbc949c03cf210572a76a6,d6521cf3b9dccca6f128bb6afe0dfcefe5309a59ff914c3ba8b103b478bc3041,321b593721d61e6dea64617ff141c8a2e977a56d8f74f171aa9cc6155193e130,b75ff79,strict Python dispatch,float64-int64,0.004880193999269977,0.015751611997984583,7,1,72693,6869193,3,36,155795,3
after,tbb,1,M,dex,points,46656,2632814,1baa269c7dcdb6199bec3ca3a30c7c120ff01d7ebee3d09b58d02a61c41c3c60,717369658cb2db79ac3e677c8d75fbab7c05903e7ad3b0a1bd6f50ccd0c4699d,8afa59fd63a82e53edb56f2825be23a50cd82fa52536b3d3d55ad68133bb30bf,b75ff79+hoist-diff,strict Python dispatch,float64-int64,0.015198978999251267,0.05805117199997767,7,1,140039,11991315,3,15,9028,3
after,tbb,1,M,ensight,volume,257250,4676656,4ee0372a518fb6fc517cdbb1eaafe74863f088fe9436c517490cbfed742a3f9b,97274077327a0db85a23b5d8b951c2c37e0e7748887fc1cbc60c69bb72d45dda,8afa59fd63a82e53edb56f2825be23a50cd82fa52536b3d3d55ad68133bb30bf,b75ff79+hoist-diff,strict Python dispatch,float64-int64,0.0028027770022163168,0.004121465000935132,7,1,61,16287538,3,30,11051588,3
after,tbb,1,M,flac3d,volume,257250,12657537,3a8d72bed4413c0eb06387ec1f38eb6e61cb158e2547088e7abcf08d578929fa,5138fe1033d4b0fa23381923571d1c7e9ee5e0f9f45106ef3469bf873ba45436,8afa59fd63a82e53edb56f2825be23a50cd82fa52536b3d3d55ad68133bb30bf,b75ff79+hoist-diff,strict Python dispatch,float64-int64,0.1000974189992121,0.16373676999864983,7,1,818519,51326222,3,257270,14415056,3
after,tbb,1,M,h5m,volume,257250,1103743,2f504650fb2a965c9b8c7ca6f088fef972f3bdfee6c35442ca3cd3a9cebe9372,b75000fa8593dbaa596ff6e8ef0f556fa27c8cecb99667d804a9fb43410c8b78,8afa59fd63a82e53edb56f2825be23a50cd82fa52536b3d3d55ad68133bb30bf,b75ff79+hoist-diff,strict Python dispatch,float64-int64,0.021883003999391804,0.07944721600142657,7,1,61,12842010,3,41,21192407,3
after,tbb,1,M,lsdyna,volume,257250,23496751,1160a434114a985a5822a82ea9bda400575644cd5c87389794fc3d6fead78922,89f146b2622358f6c51b63107008f6aafe40d13502e20d55c32cad88e4438cb7,8afa59fd63a82e53edb56f2825be23a50cd82fa52536b3d3d55ad68133bb30bf,b75ff79+hoist-diff,strict Python dispatch,float64-int64,0.3134057749994099,0.3756447739979194,7,1,2034298,264180471,3,643182,104060256,3
after,tbb,1,M,marc,volume,257250,19005099,17c6c72163babf7b782ce522111654c088e0b3b3b910e1357eb4d23b6e87ae40,29b9b1f7ff681463051c70c6f075f2cc639965c37f2883a46c160cea9f8e0b06,8afa59fd63a82e53edb56f2825be23a50cd82fa52536b3d3d55ad68133bb30bf,b75ff79+hoist-diff,strict Python dispatch,float64-int64,0.26617792599790846,0.7318653149995953,7,1,2806066,218386247,3,2196817,210095689,3
after,tbb,1,M,mdpa,volume,257250,12202607,4155e71d03325d0d0f3bd62c9f912eee3bfb2b7567a4da8f0e7a69ab99d36c6f,9c657b462145e0ce8f0b09bab80dc599b3b004a8ef70bc7ca37a4457bc73730e,8afa59fd63a82e53edb56f2825be23a50cd82fa52536b3d3d55ad68133bb30bf,b75ff79+hoist-diff,strict Python dispatch,float64-int64,1.2938812299980782,0.15502165900034015,7,1,0,0,3,303952,14180718,3
after,tbb,1,M,mfem,volume,257250,9633628,f747c735c8542b210a2a1e86e528db4315be9c1cda69db7cdbed800a8155332e,ebbd39e4e17e2789a02b52798b26e20d4b9420a539498574987d1bf15fd8029f,8afa59fd63a82e53edb56f2825be23a50cd82fa52536b3d3d55ad68133bb30bf,b75ff79+hoist-diff,strict Python dispatch,float64-int64,0.2722741090001364,0.14234010300060618,7,1,1511950,328124762,3,1286346,126613779,3
after,tbb,1,M,mff,surface,14700,2,1467fc71e31a32cf0699f2658d00a250fc4e8a3c33275bb6265c9a021985e5ba,0101a54843ac1f44502d412afa968d5d727e29fb2415ac82f8926fbcc4f558e6,8afa59fd63a82e53edb56f2825be23a50cd82fa52536b3d3d55ad68133bb30bf,b75ff79+hoist-diff,strict Python dispatch,float64-int64,2.3238000721903518e-05,0.00026589399931253865,7,1,21,9052,3,9,8700,3
after,tbb,1,M,mfm,volume,257250,16885867,93a87fc0c1b90ad1199a62da8a5f54b3ef6931a59716de99c13a24a230620f00,40725438684cf8ac3cba22ea3d34d5814b46e8e4e3470766c71cc52437d72de1,8afa59fd63a82e53edb56f2825be23a50cd82fa52536b3d3d55ad68133bb30bf,b75ff79+hoist-diff,strict Python dispatch,float64-int64,0.1380711150013667,0.23123222599679139,7,1,57,279846329,3,10,2066700,3
after,tbb,1,M,openfoam,volume,257250,19831278,fe1349dc3e4a2a08f704e6865b05c2e06868c8604d7eac2e7f643e9d0e1a79ed,9bb4ff1bd00ced8549bf152e72940fe9f1c5d3b21872b71e90673e8483b45125,8afa59fd63a82e53edb56f2825be23a50cd82fa52536b3d3d55ad68133bb30bf,b75ff79+hoist-diff,strict Python dispatch,float64-int64,0.4500767450008425,0.8434574459970463,7,1,8565331,425730433,3,6431784,565726783,3
after,tbb,1,M,vtkhdf,volume,257250,1368327,6e7c58ce254767eeb130336ea38659c797b78dbb1ece7097338ae4b15772fa38,10abc12dd13ca22319e89dd1b9ad612dfa83fddc80cf1117e9ac35838c35aaa9,8afa59fd63a82e53edb56f2825be23a50cd82fa52536b3d3d55ad68133bb30bf,b75ff79+hoist-diff,strict Python dispatch,float64-int64,0.03049922200079891,0.10401584400096908,7,1,84,40488549,3,168,63013131,3
after,tbb,1,M,vtp,surface,14700,129604,09c34b322f98ac1d1a868f2cbed3118777a6898cb91fd222e81b1b6f43b0e360,4040e64f53d248a2407ae664acdd5a587436ca7c2f7376c9d869cfc14bfc7233,8afa59fd63a82e53edb56f2825be23a50cd82fa52536b3d3d55ad68133bb30bf,b75ff79+hoist-diff,strict Python dispatch,float64-int64,0.0024211950003518723,0.02021750100175268,7,1,135,4318735,3,88,2498679,3
after,tbb,1,M,xdmf,volume,257250,1017323,26d2b6ed808e8c91e4ecb160704ac96f8240822e25328577e88c9b251c410c8c,10abc12dd13ca22319e89dd1b9ad612dfa83fddc80cf1117e9ac35838c35aaa9,8afa59fd63a82e53edb56f2825be23a50cd82fa52536b3d3d55ad68133bb30bf,b75ff79+hoist-diff,strict Python dispatch,float64-int64,0.01673614900209941,0.07190883500152268,7,1,72,12478215,3,34,12587096,3
after,tbb,1,M,xyz,surface,14700,300849,056f0656fde92c6baeafaa073f835ae4b8457c12ac7f9cbf07caf6263887b9ea,d1a30f4de2f0fbdc8095d2822ca0d85fca32c0f213fc7fb379b22569c4945eb3,8afa59fd63a82e53edb56f2825be23a50cd82fa52536b3d3d55ad68133bb30bf,b75ff79+hoist-diff,strict Python dispatch,float64-int64,0.00196993899953668,0.006830236998212058,7,1,29487,2377833,3,38,69635,3
after,tbb,1,L,dex,points,175616,10422799,c4e55c281d530abba4de25876d9902347a5cf29df1d708049935d759487e3bda,0e7c741deb074324a5524a3941f6699225772c906f570dd54816e68865bfeae9,8afa59fd63a82e53edb56f2825be23a50cd82fa52536b3d3d55ad68133bb30bf,b75ff79+hoist-diff,strict Python dispatch,float64-int64,0.0602301750004699,0.21630100499896798,7,1,526923,46858424,3,15,9028,3
after,tbb,1,L,ensight,volume,998250,18080176,d59e6bd55c3e1e73bd251da8f3bca8dffd4215e72d7b1c431f6db5605e18c27c,6a7796c6ddd3f5a4b6d23ec1d3f4002308640ee8603ad1e6284e7bbac83a6641,8afa59fd63a82e53edb56f2825be23a50cd82fa52536b3d3d55ad68133bb30bf,b75ff79+hoist-diff,strict Python dispatch,float64-int64,0.007997201999387471,0.018924962998426054,7,1,53,44599183,3,30,42501188,3
after,tbb,1,L,flac3d,volume,998250,51381665,1e7d093ec7218c0364da758d4ddc0b21dc81b4fe2fb63ae6abf2427e65bd0113,c6660913a5ec2a2a9d20752b7fca94e57b66b76fb44487d75c2822e8ab9ea037,8afa59fd63a82e53edb56f2825be23a50cd82fa52536b3d3d55ad68133bb30bf,b75ff79+hoist-diff,strict Python dispatch,float64-int64,0.3944908189987473,0.6250461950003228,7,1,3170487,201686814,3,998270,55911056,3
after,tbb,1,L,h5m,volume,998250,4210232,0d187a34c7484ac04bd250fbcdcf32adeb5ebcfd5e9bcb40c9f9f9e87e9d3a06,4ddd47fd8e1b7801d6d93377892635f3e7b8f909631b121a6b7d5b777fbaaab6,8afa59fd63a82e53edb56f2825be23a50cd82fa52536b3d3d55ad68133bb30bf,b75ff79+hoist-diff,strict Python dispatch,float64-int64,0.08332179300123244,0.31523232300241943,7,1,94,44907250,3,73,76354853,3
after,tbb,1,L,lsdyna,volume,998250,90868471,ffb9069cf528134a0cf35e3da71b5e7607d57ae04cf07dd4b689e69d82ab9385,07564f1a09f6b556eea01a40059a72a4c605a0cf925700a6bb8e5efd66b03628,8afa59fd63a82e53edb56f2825be23a50cd82fa52536b3d3d55ad68133bb30bf,b75ff79+hoist-diff,strict Python dispatch,float64-int64,1.3462967710001976,1.734540116001881,7,1,7866122,1039883648,3,2496041,405855521,3
after,tbb,1,L,marc,volume,998250,73362259,b8dcb98b60bacce06c00b3f4982b39115df24fa29635459f3fcf5c32dce5152a,8109f93962286e96cfc3ac2811a6348ffa87ce1a9572247a668f528924ed6ec6,8afa59fd63a82e53edb56f2825be23a50cd82fa52536b3d3d55ad68133bb30bf,b75ff79+hoist-diff,strict Python dispatch,float64-int64,1.0769504790005158,2.9333252550022735,7,1,10860888,858475847,3,8501579,827897691,3
after,tbb,1,L,mdpa,volume,998250,49745512,c5e02e014950022083b60edc01bb07c501024ce22403443e130e2792ae83f128,fe35d76da8b40bc7506634b51a58220e962a2182df259a6741a3431a2e177033,8afa59fd63a82e53edb56f2825be23a50cd82fa52536b3d3d55ad68133bb30bf,b75ff79+hoist-diff,strict Python dispatch,float64-int64,5.245943128000363,0.6077789899973141,7,1,0,0,3,1173916,56530510,3
after,tbb,1,L,mfem,volume,998250,39683925,799ce40400a43232016ad98eb1b747e47576b816b7d460f9d533ba576f4256c9,bca631908768869472344413ac867025ad2aaf0c55580a44c9fed5cd25e71dc2,8afa59fd63a82e53edb56f2825be23a50cd82fa52536b3d3d55ad68133bb30bf,b75ff79+hoist-diff,strict Python dispatch,float64-int64,1.2260436299984576,0.5727352629983216,7,1,5850718,1268210733,3,4991354,502281525,3
after,tbb,1,L,mff,surface,36300,2,1467fc71e31a32cf0699f2658d00a250fc4e8a3c33275bb6265c9a021985e5ba,0101a54843ac1f44502d412afa968d5d727e29fb2415ac82f8926fbcc4f558e6,8afa59fd63a82e53edb56f2825be23a50cd82fa52536b3d3d55ad68133bb30bf,b75ff79+hoist-diff,strict Python dispatch,float64-int64,2.7718997444026172e-05,0.00033527699997648597,7,1,21,9052,3,9,8700,3
after,tbb,1,L,mfm,volume,998250,67529437,6484a190f08e4dd09aa8a69a2c4a797c9bac7319e9d4e96b658ce85c57ad045c,2d40661747f5d1456781b71453bdcf73bd779f7287cb99891fb32dfd138e8173,8afa59fd63a82e53edb56f2825be23a50cd82fa52536b3d3d55ad68133bb30bf,b75ff79+hoist-diff,strict Python dispatch,float64-int64,0.577661575996899,0.9212690060012392,7,1,59,1117887737,3,10,7994700,3
after,tbb,1,L,openfoam,volume,998250,81744063,de7285cb400e0961d316038e7a5d09684709e0b6b981703aef9e4930a34730d4,7a73ebf0a9d3be561b3d883e4645bb7f5916ed67ae9dfab9194761fa47445a41,8afa59fd63a82e53edb56f2825be23a50cd82fa52536b3d3d55ad68133bb30bf,b75ff79+hoist-diff,strict Python dispatch,float64-int64,1.7993284150034015,3.45448612799737,7,1,33498991,1638674225,3,24957323,2189397782,3
after,tbb,1,L,vtkhdf,volume,998250,5244914,b0c04858f0f79b3f30a699992f59fec0f6f3e9e01144a30877067713c102594d,a6c1ab90618909845d63861225b578fa46d8de677758f5e8215762e030f0315f,8afa59fd63a82e53edb56f2825be23a50cd82fa52536b3d3d55ad68133bb30bf,b75ff79+hoist-diff,strict Python dispatch,float64-int64,0.1200718340005551,0.38066296900069574,7,1,84,156956589,3,210,236646397,3
after,tbb,1,L,vtp,surface,36300,322177,4e4a7ad5e58605e53b6c3c483262da255dc032da27c55e563bac22019f7e0319,b0e9714e47b7e3e948d39b311cdb707004c32406041d20412b1b9429fa1aa77e,8afa59fd63a82e53edb56f2825be23a50cd82fa52536b3d3d55ad68133bb30bf,b75ff79+hoist-diff,strict Python dispatch,float64-int64,0.005731108998588752,0.046998421999887796,7,1,142,11347277,3,120,6074226,3
after,tbb,1,L,xdmf,volume,998250,3927097,620a3abba77726c60f9d93332c239be4c2178056fdc3e58a21907c677caac8d8,a6c1ab90618909845d63861225b578fa46d8de677758f5e8215762e030f0315f,8afa59fd63a82e53edb56f2825be23a50cd82fa52536b3d3d55ad68133bb30bf,b75ff79+hoist-diff,strict Python dispatch,float64-int64,0.061312121000810293,0.2601025629992364,7,1,98,42195782,3,60,39859404,3
after,tbb,1,L,xyz,surface,36300,752529,878c00fc17b9044831c132350ade6c27dbd744b793dbc949c03cf210572a76a6,d6521cf3b9dccca6f128bb6afe0dfcefe5309a59ff914c3ba8b103b478bc3041,8afa59fd63a82e53edb56f2825be23a50cd82fa52536b3d3d55ad68133bb30bf,b75ff79+hoist-diff,strict Python dispatch,float64-int64,0.004778278002049774,0.016038137997384183,7,1,72693,6869193,3,38,156035,3
before,tbb,4,M,dex,points,46656,2632814,1baa269c7dcdb6199bec3ca3a30c7c120ff01d7ebee3d09b58d02a61c41c3c60,717369658cb2db79ac3e677c8d75fbab7c05903e7ad3b0a1bd6f50ccd0c4699d,321b593721d61e6dea64617ff141c8a2e977a56d8f74f171aa9cc6155193e130,b75ff79,strict Python dispatch,float64-int64,0.015581539999402594,0.06121890299982624,7,1,140039,11991315,3,15,9028,3
before,tbb,4,M,ensight,volume,257250,4676656,4ee0372a518fb6fc517cdbb1eaafe74863f088fe9436c517490cbfed742a3f9b,97274077327a0db85a23b5d8b951c2c37e0e7748887fc1cbc60c69bb72d45dda,321b593721d61e6dea64617ff141c8a2e977a56d8f74f171aa9cc6155193e130,b75ff79,strict Python dispatch,float64-int64,0.0026641549993655644,0.005779334001999814,7,1,61,16287538,3,30,11051588,3
before,tbb,4,M,flac3d,volume,257250,12657537,3a8d72bed4413c0eb06387ec1f38eb6e61cb158e2547088e7abcf08d578929fa,5138fe1033d4b0fa23381923571d1c7e9ee5e0f9f45106ef3469bf873ba45436,321b593721d61e6dea64617ff141c8a2e977a56d8f74f171aa9cc6155193e130,b75ff79,strict Python dispatch,float64-int64,0.10073360599926673,0.15779640300024766,7,1,818519,51326222,3,257270,14415056,3
before,tbb,4,M,h5m,volume,257250,1103743,2f504650fb2a965c9b8c7ca6f088fef972f3bdfee6c35442ca3cd3a9cebe9372,b75000fa8593dbaa596ff6e8ef0f556fa27c8cecb99667d804a9fb43410c8b78,321b593721d61e6dea64617ff141c8a2e977a56d8f74f171aa9cc6155193e130,b75ff79,strict Python dispatch,float64-int64,0.01172982400021283,0.042223184998874785,7,1,61,12842010,3,41,21192407,3
before,tbb,4,M,lsdyna,volume,257250,23496751,1160a434114a985a5822a82ea9bda400575644cd5c87389794fc3d6fead78922,89f146b2622358f6c51b63107008f6aafe40d13502e20d55c32cad88e4438cb7,321b593721d61e6dea64617ff141c8a2e977a56d8f74f171aa9cc6155193e130,b75ff79,strict Python dispatch,float64-int64,0.35476240500065614,0.17541928799982998,7,1,2034298,264180471,3,643182,104060256,3
before,tbb,4,M,marc,volume,257250,19005099,17c6c72163babf7b782ce522111654c088e0b3b3b910e1357eb4d23b6e87ae40,29b9b1f7ff681463051c70c6f075f2cc639965c37f2883a46c160cea9f8e0b06,321b593721d61e6dea64617ff141c8a2e977a56d8f74f171aa9cc6155193e130,b75ff79,strict Python dispatch,float64-int64,0.28990093100219383,0.7217816910015245,7,1,2806066,218386247,3,2196816,210095649,3
before,tbb,4,M,mdpa,volume,257250,12202607,4155e71d03325d0d0f3bd62c9f912eee3bfb2b7567a4da8f0e7a69ab99d36c6f,9c657b462145e0ce8f0b09bab80dc599b3b004a8ef70bc7ca37a4457bc73730e,321b593721d61e6dea64617ff141c8a2e977a56d8f74f171aa9cc6155193e130,b75ff79,strict Python dispatch,float64-int64,1.2797005490028823,0.16509062999830348,7,1,0,0,3,303952,14180718,3
before,tbb,4,M,mfem,volume,257250,9633628,f747c735c8542b210a2a1e86e528db4315be9c1cda69db7cdbed800a8155332e,ebbd39e4e17e2789a02b52798b26e20d4b9420a539498574987d1bf15fd8029f,321b593721d61e6dea64617ff141c8a2e977a56d8f74f171aa9cc6155193e130,b75ff79,strict Python dispatch,float64-int64,0.2792586629984726,0.14596805200199015,7,1,1511950,328124762,3,1286346,126613779,3
before,tbb,4,M,mff,surface,14700,2,1467fc71e31a32cf0699f2658d00a250fc4e8a3c33275bb6265c9a021985e5ba,0101a54843ac1f44502d412afa968d5d727e29fb2415ac82f8926fbcc4f558e6,321b593721d61e6dea64617ff141c8a2e977a56d8f74f171aa9cc6155193e130,b75ff79,strict Python dispatch,float64-int64,2.0265000785002485e-05,0.00021630599803756922,7,1,21,9052,3,9,8700,3
before,tbb,4,M,mfm,volume,257250,16885867,93a87fc0c1b90ad1199a62da8a5f54b3ef6931a59716de99c13a24a230620f00,40725438684cf8ac3cba22ea3d34d5814b46e8e4e3470766c71cc52437d72de1,321b593721d61e6dea64617ff141c8a2e977a56d8f74f171aa9cc6155193e130,b75ff79,strict Python dispatch,float64-int64,0.1511168950019055,0.22963334299856797,7,1,57,279846329,3,10,2066700,3
before,tbb,4,M,openfoam,volume,257250,19831278,fe1349dc3e4a2a08f704e6865b05c2e06868c8604d7eac2e7f643e9d0e1a79ed,9bb4ff1bd00ced8549bf152e72940fe9f1c5d3b21872b71e90673e8483b45125,321b593721d61e6dea64617ff141c8a2e977a56d8f74f171aa9cc6155193e130,b75ff79,strict Python dispatch,float64-int64,0.3479876390010759,0.5262267109974346,7,1,8565331,425730433,3,6431786,567219831,3
before,tbb,4,M,vtkhdf,volume,257250,1368327,6e7c58ce254767eeb130336ea38659c797b78dbb1ece7097338ae4b15772fa38,10abc12dd13ca22319e89dd1b9ad612dfa83fddc80cf1117e9ac35838c35aaa9,321b593721d61e6dea64617ff141c8a2e977a56d8f74f171aa9cc6155193e130,b75ff79,strict Python dispatch,float64-int64,0.029440676000376698,0.046433694998995634,7,1,84,40488549,3,168,63013131,3
before,tbb,4,M,vtp,surface,14700,129604,09c34b322f98ac1d1a868f2cbed3118777a6898cb91fd222e81b1b6f43b0e360,4040e64f53d248a2407ae664acdd5a587436ca7c2f7376c9d869cfc14bfc7233,321b593721d61e6dea64617ff141c8a2e977a56d8f74f171aa9cc6155193e130,b75ff79,strict Python dispatch,float64-int64,0.001612165000551613,0.00686562700138893,7,1,135,4318735,3,88,2498679,3
before,tbb,4,M,xdmf,volume,257250,1017323,26d2b6ed808e8c91e4ecb160704ac96f8240822e25328577e88c9b251c410c8c,10abc12dd13ca22319e89dd1b9ad612dfa83fddc80cf1117e9ac35838c35aaa9,321b593721d61e6dea64617ff141c8a2e977a56d8f74f171aa9cc6155193e130,b75ff79,strict Python dispatch,float64-int64,0.006259159003093373,0.025956563997169724,7,1,72,12478215,3,34,12587096,3
before,tbb,4,M,xyz,surface,14700,300849,056f0656fde92c6baeafaa073f835ae4b8457c12ac7f9cbf07caf6263887b9ea,d1a30f4de2f0fbdc8095d2822ca0d85fca32c0f213fc7fb379b22569c4945eb3,321b593721d61e6dea64617ff141c8a2e977a56d8f74f171aa9cc6155193e130,b75ff79,strict Python dispatch,float64-int64,0.0020182619991828687,0.006634708999627037,7,1,29487,2377833,3,36,69395,3
before,tbb,4,L,dex,points,175616,10422799,c4e55c281d530abba4de25876d9902347a5cf29df1d708049935d759487e3bda,0e7c741deb074324a5524a3941f6699225772c906f570dd54816e68865bfeae9,321b593721d61e6dea64617ff141c8a2e977a56d8f74f171aa9cc6155193e130,b75ff79,strict Python dispatch,float64-int64,0.06034200100111775,0.22616251799991005,7,1,526923,46858424,3,15,9028,3
before,tbb,4,L,ensight,volume,998250,18080176,d59e6bd55c3e1e73bd251da8f3bca8dffd4215e72d7b1c431f6db5605e18c27c,6a7796c6ddd3f5a4b6d23ec1d3f4002308640ee8603ad1e6284e7bbac83a6641,321b593721d61e6dea64617ff141c8a2e977a56d8f74f171aa9cc6155193e130,b75ff79,strict Python dispatch,float64-int64,0.007559384997875895,0.024045469999691704,7,1,53,44599183,3,30,42501188,3
before,tbb,4,L,flac3d,volume,998250,51381665,1e7d093ec7218c0364da758d4ddc0b21dc81b4fe2fb63ae6abf2427e65bd0113,c6660913a5ec2a2a9d20752b7fca94e57b66b76fb44487d75c2822e8ab9ea037,321b593721d61e6dea64617ff141c8a2e977a56d8f74f171aa9cc6155193e130,b75ff79,strict Python dispatch,float64-int64,0.41516654299994116,0.5834595229971455,7,1,3170487,201686814,3,998270,55911056,3
before,tbb,4,L,h5m,volume,998250,4210232,0d187a34c7484ac04bd250fbcdcf32adeb5ebcfd5e9bcb40c9f9f9e87e9d3a06,4ddd47fd8e1b7801d6d93377892635f3e7b8f909631b121a6b7d5b777fbaaab6,321b593721d61e6dea64617ff141c8a2e977a56d8f74f171aa9cc6155193e130,b75ff79,strict Python dispatch,float64-int64,0.03650127399669145,0.13573494899901561,7,1,94,44907250,3,73,76354853,3
before,tbb,4,L,lsdyna,volume,998250,90868471,ffb9069cf528134a0cf35e3da71b5e7607d57ae04cf07dd4b689e69d82ab9385,07564f1a09f6b556eea01a40059a72a4c605a0cf925700a6bb8e5efd66b03628,321b593721d61e6dea64617ff141c8a2e977a56d8f74f171aa9cc6155193e130,b75ff79,strict Python dispatch,float64-int64,1.622447428999294,0.7934987480002746,7,1,7866122,1039883648,3,2496041,405855521,3
before,tbb,4,L,marc,volume,998250,73362259,b8dcb98b60bacce06c00b3f4982b39115df24fa29635459f3fcf5c32dce5152a,8109f93962286e96cfc3ac2811a6348ffa87ce1a9572247a668f528924ed6ec6,321b593721d61e6dea64617ff141c8a2e977a56d8f74f171aa9cc6155193e130,b75ff79,strict Python dispatch,float64-int64,1.2014107770010014,2.9868812620006793,7,1,10860888,858475847,3,8501578,827897651,3
before,tbb,4,L,mdpa,volume,998250,49745512,c5e02e014950022083b60edc01bb07c501024ce22403443e130e2792ae83f128,fe35d76da8b40bc7506634b51a58220e962a2182df259a6741a3431a2e177033,321b593721d61e6dea64617ff141c8a2e977a56d8f74f171aa9cc6155193e130,b75ff79,strict Python dispatch,float64-int64,5.161101139001403,0.6478665019967593,7,1,0,0,3,1173916,56530510,3
before,tbb,4,L,mfem,volume,998250,39683925,799ce40400a43232016ad98eb1b747e47576b816b7d460f9d533ba576f4256c9,bca631908768869472344413ac867025ad2aaf0c55580a44c9fed5cd25e71dc2,321b593721d61e6dea64617ff141c8a2e977a56d8f74f171aa9cc6155193e130,b75ff79,strict Python dispatch,float64-int64,1.303720414001873,0.6590110789984465,7,1,5850718,1268210733,3,4991354,502281525,3
before,tbb,4,L,mff,surface,36300,2,1467fc71e31a32cf0699f2658d00a250fc4e8a3c33275bb6265c9a021985e5ba,0101a54843ac1f44502d412afa968d5d727e29fb2415ac82f8926fbcc4f558e6,321b593721d61e6dea64617ff141c8a2e977a56d8f74f171aa9cc6155193e130,b75ff79,strict Python dispatch,float64-int64,2.3541997506981716e-05,0.00022849499873700552,7,1,21,9052,3,9,8700,3
before,tbb,4,L,mfm,volume,998250,67529437,6484a190f08e4dd09aa8a69a2c4a797c9bac7319e9d4e96b658ce85c57ad045c,2d40661747f5d1456781b71453bdcf73bd779f7287cb99891fb32dfd138e8173,321b593721d61e6dea64617ff141c8a2e977a56d8f74f171aa9cc6155193e130,b75ff79,strict Python dispatch,float64-int64,0.6268250570028613,0.9096272269998735,7,1,59,1117887737,3,10,7994700,3
before,tbb,4,L,openfoam,volume,998250,81744063,de7285cb400e0961d316038e7a5d09684709e0b6b981703aef9e4930a34730d4,7a73ebf0a9d3be561b3d883e4645bb7f5916ed67ae9dfab9194761fa47445a41,321b593721d61e6dea64617ff141c8a2e977a56d8f74f171aa9cc6155193e130,b75ff79,strict Python dispatch,float64-int64,1.4983887790003791,2.1082317500004137,7,1,33498991,1638674225,3,24957325,2195017582,3
before,tbb,4,L,vtkhdf,volume,998250,5244914,b0c04858f0f79b3f30a699992f59fec0f6f3e9e01144a30877067713c102594d,a6c1ab90618909845d63861225b578fa46d8de677758f5e8215762e030f0315f,321b593721d61e6dea64617ff141c8a2e977a56d8f74f171aa9cc6155193e130,b75ff79,strict Python dispatch,float64-int64,0.11812160699992091,0.13847889700264204,7,1,84,156956589,3,210,236646397,3
before,tbb,4,L,vtp,surface,36300,322177,4e4a7ad5e58605e53b6c3c483262da255dc032da27c55e563bac22019f7e0319,b0e9714e47b7e3e948d39b311cdb707004c32406041d20412b1b9429fa1aa77e,321b593721d61e6dea64617ff141c8a2e977a56d8f74f171aa9cc6155193e130,b75ff79,strict Python dispatch,float64-int64,0.0034645279993128497,0.014871752002363792,7,1,142,11347277,3,120,6074226,3
before,tbb,4,L,xdmf,volume,998250,3927097,620a3abba77726c60f9d93332c239be4c2178056fdc3e58a21907c677caac8d8,a6c1ab90618909845d63861225b578fa46d8de677758f5e8215762e030f0315f,321b593721d61e6dea64617ff141c8a2e977a56d8f74f171aa9cc6155193e130,b75ff79,strict Python dispatch,float64-int64,0.01750593500037212,0.07483956599753583,7,1,98,42195782,3,60,39859404,3
before,tbb,4,L,xyz,surface,36300,752529,878c00fc17b9044831c132350ade6c27dbd744b793dbc949c03cf210572a76a6,d6521cf3b9dccca6f128bb6afe0dfcefe5309a59ff914c3ba8b103b478bc3041,321b593721d61e6dea64617ff141c8a2e977a56d8f74f171aa9cc6155193e130,b75ff79,strict Python dispatch,float64-int64,0.0047722680028527975,0.015526489001786103,7,1,72693,6869193,3,36,155795,3
after,tbb,4,M,dex,points,46656,2632814,1baa269c7dcdb6199bec3ca3a30c7c120ff01d7ebee3d09b58d02a61c41c3c60,717369658cb2db79ac3e677c8d75fbab7c05903e7ad3b0a1bd6f50ccd0c4699d,8afa59fd63a82e53edb56f2825be23a50cd82fa52536b3d3d55ad68133bb30bf,b75ff79+hoist-diff,strict Python dispatch,float64-int64,0.016418973998952424,0.059512750998692354,7,1,140039,11991315,3,15,9028,3
after,tbb,4,M,ensight,volume,257250,4676656,4ee0372a518fb6fc517cdbb1eaafe74863f088fe9436c517490cbfed742a3f9b,97274077327a0db85a23b5d8b951c2c37e0e7748887fc1cbc60c69bb72d45dda,8afa59fd63a82e53edb56f2825be23a50cd82fa52536b3d3d55ad68133bb30bf,b75ff79+hoist-diff,strict Python dispatch,float64-int64,0.0026048319996334612,0.003969443001551554,7,1,61,16287538,3,30,11051588,3
after,tbb,4,M,flac3d,volume,257250,12657537,3a8d72bed4413c0eb06387ec1f38eb6e61cb158e2547088e7abcf08d578929fa,5138fe1033d4b0fa23381923571d1c7e9ee5e0f9f45106ef3469bf873ba45436,8afa59fd63a82e53edb56f2825be23a50cd82fa52536b3d3d55ad68133bb30bf,b75ff79+hoist-diff,strict Python dispatch,float64-int64,0.09573079099936876,0.14298560000315774,7,1,818519,51326222,3,257270,14415056,3
after,tbb,4,M,h5m,volume,257250,1103743,2f504650fb2a965c9b8c7ca6f088fef972f3bdfee6c35442ca3cd3a9cebe9372,b75000fa8593dbaa596ff6e8ef0f556fa27c8cecb99667d804a9fb43410c8b78,8afa59fd63a82e53edb56f2825be23a50cd82fa52536b3d3d55ad68133bb30bf,b75ff79+hoist-diff,strict Python dispatch,float64-int64,0.010317272000975208,0.0381184090001625,7,1,61,12842010,3,41,21192407,3
after,tbb,4,M,lsdyna,volume,257250,23496751,1160a434114a985a5822a82ea9bda400575644cd5c87389794fc3d6fead78922,89f146b2622358f6c51b63107008f6aafe40d13502e20d55c32cad88e4438cb7,8afa59fd63a82e53edb56f2825be23a50cd82fa52536b3d3d55ad68133bb30bf,b75ff79+hoist-diff,strict Python dispatch,float64-int64,0.3250469039994641,0.1856964840008004,7,1,2034298,264180471,3,643182,104060256,3
after,tbb,4,M,marc,volume,257250,19005099,17c6c72163babf7b782ce522111654c088e0b3b3b910e1357eb4d23b6e87ae40,29b9b1f7ff681463051c70c6f075f2cc639965c37f2883a46c160cea9f8e0b06,8afa59fd63a82e53edb56f2825be23a50cd82fa52536b3d3d55ad68133bb30bf,b75ff79+hoist-diff,strict Python dispatch,float64-int64,0.26961730100083514,0.7181412450008793,7,1,2806066,218386247,3,2196817,210095689,3
after,tbb,4,M,mdpa,volume,257250,12202607,4155e71d03325d0d0f3bd62c9f912eee3bfb2b7567a4da8f0e7a69ab99d36c6f,9c657b462145e0ce8f0b09bab80dc599b3b004a8ef70bc7ca37a4457bc73730e,8afa59fd63a82e53edb56f2825be23a50cd82fa52536b3d3d55ad68133bb30bf,b75ff79+hoist-diff,strict Python dispatch,float64-int64,1.2605116419981641,0.16426885399778257,7,1,0,0,3,303952,14180718,3
after,tbb,4,M,mfem,volume,257250,9633628,f747c735c8542b210a2a1e86e528db4315be9c1cda69db7cdbed800a8155332e,ebbd39e4e17e2789a02b52798b26e20d4b9420a539498574987d1bf15fd8029f,8afa59fd63a82e53edb56f2825be23a50cd82fa52536b3d3d55ad68133bb30bf,b75ff79+hoist-diff,strict Python dispatch,float64-int64,0.27572890399824246,0.1517690330001642,7,1,1511950,328124762,3,1286346,126613779,3
after,tbb,4,M,mff,surface,14700,2,1467fc71e31a32cf0699f2658d00a250fc4e8a3c33275bb6265c9a021985e5ba,0101a54843ac1f44502d412afa968d5d727e29fb2415ac82f8926fbcc4f558e6,8afa59fd63a82e53edb56f2825be23a50cd82fa52536b3d3d55ad68133bb30bf,b75ff79+hoist-diff,strict Python dispatch,float64-int64,1.949400029843673e-05,0.0001506709995737765,7,1,21,9052,3,9,8700,3
after,tbb,4,M,mfm,volume,257250,16885867,93a87fc0c1b90ad1199a62da8a5f54b3ef6931a59716de99c13a24a230620f00,40725438684cf8ac3cba22ea3d34d5814b46e8e4e3470766c71cc52437d72de1,8afa59fd63a82e53edb56f2825be23a50cd82fa52536b3d3d55ad68133bb30bf,b75ff79+hoist-diff,strict Python dispatch,float64-int64,0.13957037399813998,0.23076177499751793,7,1,57,279846329,3,10,2066700,3
after,tbb,4,M,openfoam,volume,257250,19831278,fe1349dc3e4a2a08f704e6865b05c2e06868c8604d7eac2e7f643e9d0e1a79ed,9bb4ff1bd00ced8549bf152e72940fe9f1c5d3b21872b71e90673e8483b45125,8afa59fd63a82e53edb56f2825be23a50cd82fa52536b3d3d55ad68133bb30bf,b75ff79+hoist-diff,strict Python dispatch,float64-int64,0.3518414859972836,0.5259038449985383,7,1,8565331,425730433,3,6431786,567219831,3
after,tbb,4,M,vtkhdf,volume,257250,1368327,6e7c58ce254767eeb130336ea38659c797b78dbb1ece7097338ae4b15772fa38,10abc12dd13ca22319e89dd1b9ad612dfa83fddc80cf1117e9ac35838c35aaa9,8afa59fd63a82e53edb56f2825be23a50cd82fa52536b3d3d55ad68133bb30bf,b75ff79+hoist-diff,strict Python dispatch,float64-int64,0.02989250899918261,0.05074798399800784,7,1,84,40488549,3,168,63013131,3
after,tbb,4,M,vtp,surface,14700,129604,09c34b322f98ac1d1a868f2cbed3118777a6898cb91fd222e81b1b6f43b0e360,4040e64f53d248a2407ae664acdd5a587436ca7c2f7376c9d869cfc14bfc7233,8afa59fd63a82e53edb56f2825be23a50cd82fa52536b3d3d55ad68133bb30bf,b75ff79+hoist-diff,strict Python dispatch,float64-int64,0.0015957579998939764,0.0070577000005869195,7,1,135,4318735,3,88,2498679,3
after,tbb,4,M,xdmf,volume,257250,1017323,26d2b6ed808e8c91e4ecb160704ac96f8240822e25328577e88c9b251c410c8c,10abc12dd13ca22319e89dd1b9ad612dfa83fddc80cf1117e9ac35838c35aaa9,8afa59fd63a82e53edb56f2825be23a50cd82fa52536b3d3d55ad68133bb30bf,b75ff79+hoist-diff,strict Python dispatch,float64-int64,0.006282135000219569,0.026674822001950815,7,1,72,12478215,3,34,12587096,3
after,tbb,4,M,xyz,surface,14700,300849,056f0656fde92c6baeafaa073f835ae4b8457c12ac7f9cbf07caf6263887b9ea,d1a30f4de2f0fbdc8095d2822ca0d85fca32c0f213fc7fb379b22569c4945eb3,8afa59fd63a82e53edb56f2825be23a50cd82fa52536b3d3d55ad68133bb30bf,b75ff79+hoist-diff,strict Python dispatch,float64-int64,0.002169600997149246,0.007010615001490805,7,1,29487,2377833,3,38,69635,3
after,tbb,4,L,dex,points,175616,10422799,c4e55c281d530abba4de25876d9902347a5cf29df1d708049935d759487e3bda,0e7c741deb074324a5524a3941f6699225772c906f570dd54816e68865bfeae9,8afa59fd63a82e53edb56f2825be23a50cd82fa52536b3d3d55ad68133bb30bf,b75ff79+hoist-diff,strict Python dispatch,float64-int64,0.06227793300058693,0.22034972999972524,7,1,526923,46858424,3,15,9028,3
after,tbb,4,L,ensight,volume,998250,18080176,d59e6bd55c3e1e73bd251da8f3bca8dffd4215e72d7b1c431f6db5605e18c27c,6a7796c6ddd3f5a4b6d23ec1d3f4002308640ee8603ad1e6284e7bbac83a6641,8afa59fd63a82e53edb56f2825be23a50cd82fa52536b3d3d55ad68133bb30bf,b75ff79+hoist-diff,strict Python dispatch,float64-int64,0.007467616000212729,0.018871494998165872,7,1,53,44599183,3,30,42501188,3
after,tbb,4,L,flac3d,volume,998250,51381665,1e7d093ec7218c0364da758d4ddc0b21dc81b4fe2fb63ae6abf2427e65bd0113,c6660913a5ec2a2a9d20752b7fca94e57b66b76fb44487d75c2822e8ab9ea037,8afa59fd63a82e53edb56f2825be23a50cd82fa52536b3d3d55ad68133bb30bf,b75ff79+hoist-diff,strict Python dispatch,float64-int64,0.4255562660000578,0.5877567360003013,7,1,3170487,201686814,3,998270,55911056,3
after,tbb,4,L,h5m,volume,998250,4210232,0d187a34c7484ac04bd250fbcdcf32adeb5ebcfd5e9bcb40c9f9f9e87e9d3a06,4ddd47fd8e1b7801d6d93377892635f3e7b8f909631b121a6b7d5b777fbaaab6,8afa59fd63a82e53edb56f2825be23a50cd82fa52536b3d3d55ad68133bb30bf,b75ff79+hoist-diff,strict Python dispatch,float64-int64,0.03742848100228002,0.11380410200217739,7,1,94,44907250,3,73,76354853,3
after,tbb,4,L,lsdyna,volume,998250,90868471,ffb9069cf528134a0cf35e3da71b5e7607d57ae04cf07dd4b689e69d82ab9385,07564f1a09f6b556eea01a40059a72a4c605a0cf925700a6bb8e5efd66b03628,8afa59fd63a82e53edb56f2825be23a50cd82fa52536b3d3d55ad68133bb30bf,b75ff79+hoist-diff,strict Python dispatch,float64-int64,1.5021507999990718,0.7496698559989454,7,1,7866122,1039883648,3,2496041,405855521,3
after,tbb,4,L,marc,volume,998250,73362259,b8dcb98b60bacce06c00b3f4982b39115df24fa29635459f3fcf5c32dce5152a,8109f93962286e96cfc3ac2811a6348ffa87ce1a9572247a668f528924ed6ec6,8afa59fd63a82e53edb56f2825be23a50cd82fa52536b3d3d55ad68133bb30bf,b75ff79+hoist-diff,strict Python dispatch,float64-int64,1.112024100999406,3.0370607069999096,7,1,10860888,858475847,3,8501579,827897691,3
after,tbb,4,L,mdpa,volume,998250,49745512,c5e02e014950022083b60edc01bb07c501024ce22403443e130e2792ae83f128,fe35d76da8b40bc7506634b51a58220e962a2182df259a6741a3431a2e177033,8afa59fd63a82e53edb56f2825be23a50cd82fa52536b3d3d55ad68133bb30bf,b75ff79+hoist-diff,strict Python dispatch,float64-int64,5.181978884997079,0.6158589090009627,7,1,0,0,3,1173916,56530510,3
after,tbb,4,L,mfem,volume,998250,39683925,799ce40400a43232016ad98eb1b747e47576b816b7d460f9d533ba576f4256c9,bca631908768869472344413ac867025ad2aaf0c55580a44c9fed5cd25e71dc2,8afa59fd63a82e53edb56f2825be23a50cd82fa52536b3d3d55ad68133bb30bf,b75ff79+hoist-diff,strict Python dispatch,float64-int64,1.5040319860017917,0.6246363780010142,7,1,5850718,1268210733,3,4991354,502281525,3
after,tbb,4,L,mff,surface,36300,2,1467fc71e31a32cf0699f2658d00a250fc4e8a3c33275bb6265c9a021985e5ba,0101a54843ac1f44502d412afa968d5d727e29fb2415ac82f8926fbcc4f558e6,8afa59fd63a82e53edb56f2825be23a50cd82fa52536b3d3d55ad68133bb30bf,b75ff79+hoist-diff,strict Python dispatch,float64-int64,2.8975999157410115e-05,0.0006233459971554112,7,1,21,9052,3,9,8700,3
after,tbb,4,L,mfm,volume,998250,67529437,6484a190f08e4dd09aa8a69a2c4a797c9bac7319e9d4e96b658ce85c57ad045c,2d40661747f5d1456781b71453bdcf73bd779f7287cb99891fb32dfd138e8173,8afa59fd63a82e53edb56f2825be23a50cd82fa52536b3d3d55ad68133bb30bf,b75ff79+hoist-diff,strict Python dispatch,float64-int64,0.6502893020006013,1.031225104998157,7,1,59,1117887737,3,10,7994700,3
after,tbb,4,L,openfoam,volume,998250,81744063,de7285cb400e0961d316038e7a5d09684709e0b6b981703aef9e4930a34730d4,7a73ebf0a9d3be561b3d883e4645bb7f5916ed67ae9dfab9194761fa47445a41,8afa59fd63a82e53edb56f2825be23a50cd82fa52536b3d3d55ad68133bb30bf,b75ff79+hoist-diff,strict Python dispatch,float64-int64,1.5987100689999352,2.199773987002118,7,1,33498991,1638674225,3,24957325,2195017582,3
after,tbb,4,L,vtkhdf,volume,998250,5244914,b0c04858f0f79b3f30a699992f59fec0f6f3e9e01144a30877067713c102594d,a6c1ab90618909845d63861225b578fa46d8de677758f5e8215762e030f0315f,8afa59fd63a82e53edb56f2825be23a50cd82fa52536b3d3d55ad68133bb30bf,b75ff79+hoist-diff,strict Python dispatch,float64-int64,0.12883006499760086,0.14429478700185427,7,1,84,156956589,3,210,236646397,3
after,tbb,4,L,vtp,surface,36300,322177,4e4a7ad5e58605e53b6c3c483262da255dc032da27c55e563bac22019f7e0319,b0e9714e47b7e3e948d39b311cdb707004c32406041d20412b1b9429fa1aa77e,8afa59fd63a82e53edb56f2825be23a50cd82fa52536b3d3d55ad68133bb30bf,b75ff79+hoist-diff,strict Python dispatch,float64-int64,0.004710984998382628,0.017988130999583518,7,1,142,11347277,3,120,6074226,3
after,tbb,4,L,xdmf,volume,998250,3927097,620a3abba77726c60f9d93332c239be4c2178056fdc3e58a21907c677caac8d8,a6c1ab90618909845d63861225b578fa46d8de677758f5e8215762e030f0315f,8afa59fd63a82e53edb56f2825be23a50cd82fa52536b3d3d55ad68133bb30bf,b75ff79+hoist-diff,strict Python dispatch,float64-int64,0.021648100999300368,0.08911019999868586,7,1,98,42195782,3,60,39859404,3
after,tbb,4,L,xyz,surface,36300,752529,878c00fc17b9044831c132350ade6c27dbd744b793dbc949c03cf210572a76a6,d6521cf3b9dccca6f128bb6afe0dfcefe5309a59ff914c3ba8b103b478bc3041,8afa59fd63a82e53edb56f2825be23a50cd82fa52536b3d3d55ad68133bb30bf,b75ff79+hoist-diff,strict Python dispatch,float64-int64,0.0066053339978680015,0.018489205998776015,7,1,72693,6869193,3,38,156035,3
before,tbb,8,M,dex,points,46656,2632814,1baa269c7dcdb6199bec3ca3a30c7c120ff01d7ebee3d09b58d02a61c41c3c60,717369658cb2db79ac3e677c8d75fbab7c05903e7ad3b0a1bd6f50ccd0c4699d,321b593721d61e6dea64617ff141c8a2e977a56d8f74f171aa9cc6155193e130,b75ff79,strict Python dispatch,float64-int64,0.021911952000664314,0.062060223001026316,7,1,140039,11991315,3,15,9028,3
before,tbb,8,M,ensight,volume,257250,4676656,4ee0372a518fb6fc517cdbb1eaafe74863f088fe9436c517490cbfed742a3f9b,97274077327a0db85a23b5d8b951c2c37e0e7748887fc1cbc60c69bb72d45dda,321b593721d61e6dea64617ff141c8a2e977a56d8f74f171aa9cc6155193e130,b75ff79,strict Python dispatch,float64-int64,0.004001607001555385,0.007795624998834683,7,1,61,16287538,3,30,11051588,3
before,tbb,8,M,flac3d,volume,257250,12657537,3a8d72bed4413c0eb06387ec1f38eb6e61cb158e2547088e7abcf08d578929fa,5138fe1033d4b0fa23381923571d1c7e9ee5e0f9f45106ef3469bf873ba45436,321b593721d61e6dea64617ff141c8a2e977a56d8f74f171aa9cc6155193e130,b75ff79,strict Python dispatch,float64-int64,0.10459242000069935,0.17156090999924345,7,1,818519,51326222,3,257270,14415056,3
before,tbb,8,M,h5m,volume,257250,1103743,2f504650fb2a965c9b8c7ca6f088fef972f3bdfee6c35442ca3cd3a9cebe9372,b75000fa8593dbaa596ff6e8ef0f556fa27c8cecb99667d804a9fb43410c8b78,321b593721d61e6dea64617ff141c8a2e977a56d8f74f171aa9cc6155193e130,b75ff79,strict Python dispatch,float64-int64,0.012400527000863804,0.042373222997412086,7,1,61,12842010,3,41,21192407,3
before,tbb,8,M,lsdyna,volume,257250,23496751,1160a434114a985a5822a82ea9bda400575644cd5c87389794fc3d6fead78922,89f146b2622358f6c51b63107008f6aafe40d13502e20d55c32cad88e4438cb7,321b593721d61e6dea64617ff141c8a2e977a56d8f74f171aa9cc6155193e130,b75ff79,strict Python dispatch,float64-int64,0.37224598299872014,0.19927508299952024,7,1,2034298,264180471,3,643182,104060256,3
before,tbb,8,M,marc,volume,257250,19005099,17c6c72163babf7b782ce522111654c088e0b3b3b910e1357eb4d23b6e87ae40,29b9b1f7ff681463051c70c6f075f2cc639965c37f2883a46c160cea9f8e0b06,321b593721d61e6dea64617ff141c8a2e977a56d8f74f171aa9cc6155193e130,b75ff79,strict Python dispatch,float64-int64,0.31083844200111344,0.7686166870007582,7,1,2806066,218386247,3,2196816,210095649,3
before,tbb,8,M,mdpa,volume,257250,12202607,4155e71d03325d0d0f3bd62c9f912eee3bfb2b7567a4da8f0e7a69ab99d36c6f,9c657b462145e0ce8f0b09bab80dc599b3b004a8ef70bc7ca37a4457bc73730e,321b593721d61e6dea64617ff141c8a2e977a56d8f74f171aa9cc6155193e130,b75ff79,strict Python dispatch,float64-int64,1.345260040001449,0.1744791660021292,7,1,0,0,3,303952,14180718,3
before,tbb,8,M,mfem,volume,257250,9633628,f747c735c8542b210a2a1e86e528db4315be9c1cda69db7cdbed800a8155332e,ebbd39e4e17e2789a02b52798b26e20d4b9420a539498574987d1bf15fd8029f,321b593721d61e6dea64617ff141c8a2e977a56d8f74f171aa9cc6155193e130,b75ff79,strict Python dispatch,float64-int64,0.2999356069994974,0.15595186700011254,7,1,1511950,328124762,3,1286346,126613779,3
before,tbb,8,M,mff,surface,14700,2,1467fc71e31a32cf0699f2658d00a250fc4e8a3c33275bb6265c9a021985e5ba,0101a54843ac1f44502d412afa968d5d727e29fb2415ac82f8926fbcc4f558e6,321b593721d61e6dea64617ff141c8a2e977a56d8f74f171aa9cc6155193e130,b75ff79,strict Python dispatch,float64-int64,2.204100019298494e-05,0.000563444998988416,7,1,21,9052,3,9,8700,3
before,tbb,8,M,mfm,volume,257250,16885867,93a87fc0c1b90ad1199a62da8a5f54b3ef6931a59716de99c13a24a230620f00,40725438684cf8ac3cba22ea3d34d5814b46e8e4e3470766c71cc52437d72de1,321b593721d61e6dea64617ff141c8a2e977a56d8f74f171aa9cc6155193e130,b75ff79,strict Python dispatch,float64-int64,0.15710092700101086,0.26689925599930575,7,1,57,279846329,3,10,2066700,3
before,tbb,8,M,openfoam,volume,257250,19831278,fe1349dc3e4a2a08f704e6865b05c2e06868c8604d7eac2e7f643e9d0e1a79ed,9bb4ff1bd00ced8549bf152e72940fe9f1c5d3b21872b71e90673e8483b45125,321b593721d61e6dea64617ff141c8a2e977a56d8f74f171aa9cc6155193e130,b75ff79,strict Python dispatch,float64-int64,0.3804540729979635,0.5434606509988953,7,1,8565331,425730433,3,6431786,568712855,3
before,tbb,8,M,vtkhdf,volume,257250,1368327,6e7c58ce254767eeb130336ea38659c797b78dbb1ece7097338ae4b15772fa38,10abc12dd13ca22319e89dd1b9ad612dfa83fddc80cf1117e9ac35838c35aaa9,321b593721d61e6dea64617ff141c8a2e977a56d8f74f171aa9cc6155193e130,b75ff79,strict Python dispatch,float64-int64,0.031810084998141974,0.05628271500245319,7,1,84,40488549,3,168,63013131,3
before,tbb,8,M,vtp,surface,14700,129604,09c34b322f98ac1d1a868f2cbed3118777a6898cb91fd222e81b1b6f43b0e360,4040e64f53d248a2407ae664acdd5a587436ca7c2f7376c9d869cfc14bfc7233,321b593721d61e6dea64617ff141c8a2e977a56d8f74f171aa9cc6155193e130,b75ff79,strict Python dispatch,float64-int64,0.0019671859990921803,0.007737200001429301,7,1,135,4318735,3,88,2498679,3
before,tbb,8,M,xdmf,volume,257250,1017323,26d2b6ed808e8c91e4ecb160704ac96f8240822e25328577e88c9b251c410c8c,10abc12dd13ca22319e89dd1b9ad612dfa83fddc80cf1117e9ac35838c35aaa9,321b593721d61e6dea64617ff141c8a2e977a56d8f74f171aa9cc6155193e130,b75ff79,strict Python dispatch,float64-int64,0.0068091319990344346,0.028020215999276843,7,1,72,12478215,3,34,12587096,3
before,tbb,8,M,xyz,surface,14700,300849,056f0656fde92c6baeafaa073f835ae4b8457c12ac7f9cbf07caf6263887b9ea,d1a30f4de2f0fbdc8095d2822ca0d85fca32c0f213fc7fb379b22569c4945eb3,321b593721d61e6dea64617ff141c8a2e977a56d8f74f171aa9cc6155193e130,b75ff79,strict Python dispatch,float64-int64,0.002373056999203982,0.007165802002418786,7,1,29487,2377833,3,36,69395,3
before,tbb,8,L,dex,points,175616,10422799,c4e55c281d530abba4de25876d9902347a5cf29df1d708049935d759487e3bda,0e7c741deb074324a5524a3941f6699225772c906f570dd54816e68865bfeae9,321b593721d61e6dea64617ff141c8a2e977a56d8f74f171aa9cc6155193e130,b75ff79,strict Python dispatch,float64-int64,0.07256930499715963,0.23860963300103322,7,1,526923,46858424,3,15,9028,3
before,tbb,8,L,ensight,volume,998250,18080176,d59e6bd55c3e1e73bd251da8f3bca8dffd4215e72d7b1c431f6db5605e18c27c,6a7796c6ddd3f5a4b6d23ec1d3f4002308640ee8603ad1e6284e7bbac83a6641,321b593721d61e6dea64617ff141c8a2e977a56d8f74f171aa9cc6155193e130,b75ff79,strict Python dispatch,float64-int64,0.018197962999693118,0.03614287799791782,7,1,53,44599183,3,30,42501188,3
before,tbb,8,L,flac3d,volume,998250,51381665,1e7d093ec7218c0364da758d4ddc0b21dc81b4fe2fb63ae6abf2427e65bd0113,c6660913a5ec2a2a9d20752b7fca94e57b66b76fb44487d75c2822e8ab9ea037,321b593721d61e6dea64617ff141c8a2e977a56d8f74f171aa9cc6155193e130,b75ff79,strict Python dispatch,float64-int64,0.47316407800099114,0.6516414669968071,7,1,3170487,201686814,3,998270,55911056,3
before,tbb,8,L,h5m,volume,998250,4210232,0d187a34c7484ac04bd250fbcdcf32adeb5ebcfd5e9bcb40c9f9f9e87e9d3a06,4ddd47fd8e1b7801d6d93377892635f3e7b8f909631b121a6b7d5b777fbaaab6,321b593721d61e6dea64617ff141c8a2e977a56d8f74f171aa9cc6155193e130,b75ff79,strict Python dispatch,float64-int64,0.03224160399986431,0.11248940500081517,7,1,94,44907250,3,73,76354853,3
before,tbb,8,L,lsdyna,volume,998250,90868471,ffb9069cf528134a0cf35e3da71b5e7607d57ae04cf07dd4b689e69d82ab9385,07564f1a09f6b556eea01a40059a72a4c605a0cf925700a6bb8e5efd66b03628,321b593721d61e6dea64617ff141c8a2e977a56d8f74f171aa9cc6155193e130,b75ff79,strict Python dispatch,float64-int64,1.817659767002624,0.8107380309993459,7,1,7866122,1039883648,3,2496041,405855521,3
before,tbb,8,L,marc,volume,998250,73362259,b8dcb98b60bacce06c00b3f4982b39115df24fa29635459f3fcf5c32dce5152a,8109f93962286e96cfc3ac2811a6348ffa87ce1a9572247a668f528924ed6ec6,321b593721d61e6dea64617ff141c8a2e977a56d8f74f171aa9cc6155193e130,b75ff79,strict Python dispatch,float64-int64,1.2647775549994549,3.245585155000299,7,1,10860888,858475847,3,8501578,827897651,3
before,tbb,8,L,mdpa,volume,998250,49745512,c5e02e014950022083b60edc01bb07c501024ce22403443e130e2792ae83f128,fe35d76da8b40bc7506634b51a58220e962a2182df259a6741a3431a2e177033,321b593721d61e6dea64617ff141c8a2e977a56d8f74f171aa9cc6155193e130,b75ff79,strict Python dispatch,float64-int64,5.828248073998111,0.6990641730008065,7,1,0,0,3,1173916,56530510,3
before,tbb,8,L,mfem,volume,998250,39683925,799ce40400a43232016ad98eb1b747e47576b816b7d460f9d533ba576f4256c9,bca631908768869472344413ac867025ad2aaf0c55580a44c9fed5cd25e71dc2,321b593721d61e6dea64617ff141c8a2e977a56d8f74f171aa9cc6155193e130,b75ff79,strict Python dispatch,float64-int64,1.480346816002566,0.6815199240008951,7,1,5850718,1268210733,3,4991354,502281525,3
before,tbb,8,L,mff,surface,36300,2,1467fc71e31a32cf0699f2658d00a250fc4e8a3c33275bb6265c9a021985e5ba,0101a54843ac1f44502d412afa968d5d727e29fb2415ac82f8926fbcc4f558e6,321b593721d61e6dea64617ff141c8a2e977a56d8f74f171aa9cc6155193e130,b75ff79,strict Python dispatch,float64-int64,1.872599750640802e-05,0.00027910599965252914,7,1,21,9052,3,9,8700,3
before,tbb,8,L,mfm,volume,998250,67529437,6484a190f08e4dd09aa8a69a2c4a797c9bac7319e9d4e96b658ce85c57ad045c,2d40661747f5d1456781b71453bdcf73bd779f7287cb99891fb32dfd138e8173,321b593721d61e6dea64617ff141c8a2e977a56d8f74f171aa9cc6155193e130,b75ff79,strict Python dispatch,float64-int64,0.6378822299993772,0.9507062410011713,7,1,59,1117887737,3,10,7994700,3
before,tbb,8,L,openfoam,volume,998250,81744063,de7285cb400e0961d316038e7a5d09684709e0b6b981703aef9e4930a34730d4,7a73ebf0a9d3be561b3d883e4645bb7f5916ed67ae9dfab9194761fa47445a41,321b593721d61e6dea64617ff141c8a2e977a56d8f74f171aa9cc6155193e130,b75ff79,strict Python dispatch,float64-int64,1.5791350309991685,2.2173681459971704,7,1,33498991,1638674225,3,24957325,2200637326,3
before,tbb,8,L,vtkhdf,volume,998250,5244914,b0c04858f0f79b3f30a699992f59fec0f6f3e9e01144a30877067713c102594d,a6c1ab90618909845d63861225b578fa46d8de677758f5e8215762e030f0315f,321b593721d61e6dea64617ff141c8a2e977a56d8f74f171aa9cc6155193e130,b75ff79,strict Python dispatch,float64-int64,0.13498595000055502,0.15399570299996412,7,1,84,156956589,3,210,236646397,3
before,tbb,8,L,vtp,surface,36300,322177,4e4a7ad5e58605e53b6c3c483262da255dc032da27c55e563bac22019f7e0319,b0e9714e47b7e3e948d39b311cdb707004c32406041d20412b1b9429fa1aa77e,321b593721d61e6dea64617ff141c8a2e977a56d8f74f171aa9cc6155193e130,b75ff79,strict Python dispatch,float64-int64,0.0038879679996171035,0.016824110000015935,7,1,142,11347277,3,120,6074226,3
before,tbb,8,L,xdmf,volume,998250,3927097,620a3abba77726c60f9d93332c239be4c2178056fdc3e58a21907c677caac8d8,a6c1ab90618909845d63861225b578fa46d8de677758f5e8215762e030f0315f,321b593721d61e6dea64617ff141c8a2e977a56d8f74f171aa9cc6155193e130,b75ff79,strict Python dispatch,float64-int64,0.018547587998909876,0.08099998599936953,7,1,98,42195782,3,60,39859404,3
before,tbb,8,L,xyz,surface,36300,752529,878c00fc17b9044831c132350ade6c27dbd744b793dbc949c03cf210572a76a6,d6521cf3b9dccca6f128bb6afe0dfcefe5309a59ff914c3ba8b103b478bc3041,321b593721d61e6dea64617ff141c8a2e977a56d8f74f171aa9cc6155193e130,b75ff79,strict Python dispatch,float64-int64,0.006250906000786927,0.018429211999318795,7,1,72693,6869193,3,36,155795,3
after,tbb,8,M,dex,points,46656,2632814,1baa269c7dcdb6199bec3ca3a30c7c120ff01d7ebee3d09b58d02a61c41c3c60,717369658cb2db79ac3e677c8d75fbab7c05903e7ad3b0a1bd6f50ccd0c4699d,8afa59fd63a82e53edb56f2825be23a50cd82fa52536b3d3d55ad68133bb30bf,b75ff79+hoist-diff,strict Python dispatch,float64-int64,0.015563130000373349,0.06043933500041021,7,1,140039,11991315,3,15,9028,3
after,tbb,8,M,ensight,volume,257250,4676656,4ee0372a518fb6fc517cdbb1eaafe74863f088fe9436c517490cbfed742a3f9b,97274077327a0db85a23b5d8b951c2c37e0e7748887fc1cbc60c69bb72d45dda,8afa59fd63a82e53edb56f2825be23a50cd82fa52536b3d3d55ad68133bb30bf,b75ff79+hoist-diff,strict Python dispatch,float64-int64,0.0028097560025344137,0.005841940001118928,7,1,61,16287538,3,30,11051588,3
after,tbb,8,M,flac3d,volume,257250,12657537,3a8d72bed4413c0eb06387ec1f38eb6e61cb158e2547088e7abcf08d578929fa,5138fe1033d4b0fa23381923571d1c7e9ee5e0f9f45106ef3469bf873ba45436,8afa59fd63a82e53edb56f2825be23a50cd82fa52536b3d3d55ad68133bb30bf,b75ff79+hoist-diff,strict Python dispatch,float64-int64,0.1076103460000013,0.15911262299778173,7,1,818519,51326222,3,257270,14415056,3
after,tbb,8,M,h5m,volume,257250,1103743,2f504650fb2a965c9b8c7ca6f088fef972f3bdfee6c35442ca3cd3a9cebe9372,b75000fa8593dbaa596ff6e8ef0f556fa27c8cecb99667d804a9fb43410c8b78,8afa59fd63a82e53edb56f2825be23a50cd82fa52536b3d3d55ad68133bb30bf,b75ff79+hoist-diff,strict Python dispatch,float64-int64,0.010828724000020884,0.03702863400030765,7,1,61,12842010,3,41,21192407,3
after,tbb,8,M,lsdyna,volume,257250,23496751,1160a434114a985a5822a82ea9bda400575644cd5c87389794fc3d6fead78922,89f146b2622358f6c51b63107008f6aafe40d13502e20d55c32cad88e4438cb7,8afa59fd63a82e53edb56f2825be23a50cd82fa52536b3d3d55ad68133bb30bf,b75ff79+hoist-diff,strict Python dispatch,float64-int64,0.36902453799848445,0.1897751190008421,7,1,2034298,264180471,3,643182,104060256,3
after,tbb,8,M,marc,volume,257250,19005099,17c6c72163babf7b782ce522111654c088e0b3b3b910e1357eb4d23b6e87ae40,29b9b1f7ff681463051c70c6f075f2cc639965c37f2883a46c160cea9f8e0b06,8afa59fd63a82e53edb56f2825be23a50cd82fa52536b3d3d55ad68133bb30bf,b75ff79+hoist-diff,strict Python dispatch,float64-int64,0.29302451699913945,0.7357813139969949,7,1,2806066,218386247,3,2196817,210095689,3
after,tbb,8,M,mdpa,volume,257250,12202607,4155e71d03325d0d0f3bd62c9f912eee3bfb2b7567a4da8f0e7a69ab99d36c6f,9c657b462145e0ce8f0b09bab80dc599b3b004a8ef70bc7ca37a4457bc73730e,8afa59fd63a82e53edb56f2825be23a50cd82fa52536b3d3d55ad68133bb30bf,b75ff79+hoist-diff,strict Python dispatch,float64-int64,1.3131994389987085,0.18633148599838023,7,1,0,0,3,303952,14180718,3
after,tbb,8,M,mfem,volume,257250,9633628,f747c735c8542b210a2a1e86e528db4315be9c1cda69db7cdbed800a8155332e,ebbd39e4e17e2789a02b52798b26e20d4b9420a539498574987d1bf15fd8029f,8afa59fd63a82e53edb56f2825be23a50cd82fa52536b3d3d55ad68133bb30bf,b75ff79+hoist-diff,strict Python dispatch,float64-int64,0.2978077730003861,0.15955439000026672,7,1,1511950,328124762,3,1286346,126613779,3
after,tbb,8,M,mff,surface,14700,2,1467fc71e31a32cf0699f2658d00a250fc4e8a3c33275bb6265c9a021985e5ba,0101a54843ac1f44502d412afa968d5d727e29fb2415ac82f8926fbcc4f558e6,8afa59fd63a82e53edb56f2825be23a50cd82fa52536b3d3d55ad68133bb30bf,b75ff79+hoist-diff,strict Python dispatch,float64-int64,2.57359970419202e-05,0.0003999370019300841,7,1,21,9052,3,9,8700,3
after,tbb,8,M,mfm,volume,257250,16885867,93a87fc0c1b90ad1199a62da8a5f54b3ef6931a59716de99c13a24a230620f00,40725438684cf8ac3cba22ea3d34d5814b46e8e4e3470766c71cc52437d72de1,8afa59fd63a82e53edb56f2825be23a50cd82fa52536b3d3d55ad68133bb30bf,b75ff79+hoist-diff,strict Python dispatch,float64-int64,0.14003065100041567,0.2367078630013566,7,1,57,279846329,3,10,2066700,3
after,tbb,8,M,openfoam,volume,257250,19831278,fe1349dc3e4a2a08f704e6865b05c2e06868c8604d7eac2e7f643e9d0e1a79ed,9bb4ff1bd00ced8549bf152e72940fe9f1c5d3b21872b71e90673e8483b45125,8afa59fd63a82e53edb56f2825be23a50cd82fa52536b3d3d55ad68133bb30bf,b75ff79+hoist-diff,strict Python dispatch,float64-int64,0.37158845200247015,0.570557244001975,7,1,8565331,425730433,3,6431786,568712855,3
after,tbb,8,M,vtkhdf,volume,257250,1368327,6e7c58ce254767eeb130336ea38659c797b78dbb1ece7097338ae4b15772fa38,10abc12dd13ca22319e89dd1b9ad612dfa83fddc80cf1117e9ac35838c35aaa9,8afa59fd63a82e53edb56f2825be23a50cd82fa52536b3d3d55ad68133bb30bf,b75ff79+hoist-diff,strict Python dispatch,float64-int64,0.03394905499953893,0.05142596699806745,7,1,84,40488549,3,168,63013131,3
after,tbb,8,M,vtp,surface,14700,129604,09c34b322f98ac1d1a868f2cbed3118777a6898cb91fd222e81b1b6f43b0e360,4040e64f53d248a2407ae664acdd5a587436ca7c2f7376c9d869cfc14bfc7233,8afa59fd63a82e53edb56f2825be23a50cd82fa52536b3d3d55ad68133bb30bf,b75ff79+hoist-diff,strict Python dispatch,float64-int64,0.001655943000514526,0.007841877999453573,7,1,135,4318735,3,88,2498679,3
after,tbb,8,M,xdmf,volume,257250,1017323,26d2b6ed808e8c91e4ecb160704ac96f8240822e25328577e88c9b251c410c8c,10abc12dd13ca22319e89dd1b9ad612dfa83fddc80cf1117e9ac35838c35aaa9,8afa59fd63a82e53edb56f2825be23a50cd82fa52536b3d3d55ad68133bb30bf,b75ff79+hoist-diff,strict Python dispatch,float64-int64,0.007901079003204359,0.033712137999827974,7,1,72,12478215,3,34,12587096,3
after,tbb,8,M,xyz,surface,14700,300849,056f0656fde92c6baeafaa073f835ae4b8457c12ac7f9cbf07caf6263887b9ea,d1a30f4de2f0fbdc8095d2822ca0d85fca32c0f213fc7fb379b22569c4945eb3,8afa59fd63a82e53edb56f2825be23a50cd82fa52536b3d3d55ad68133bb30bf,b75ff79+hoist-diff,strict Python dispatch,float64-int64,0.0021116429998073727,0.008153044000209775,7,1,29487,2377833,3,38,69635,3
after,tbb,8,L,dex,points,175616,10422799,c4e55c281d530abba4de25876d9902347a5cf29df1d708049935d759487e3bda,0e7c741deb074324a5524a3941f6699225772c906f570dd54816e68865bfeae9,8afa59fd63a82e53edb56f2825be23a50cd82fa52536b3d3d55ad68133bb30bf,b75ff79+hoist-diff,strict Python dispatch,float64-int64,0.0649364519995288,0.240370780997182,7,1,526923,46858424,3,15,9028,3
after,tbb,8,L,ensight,volume,998250,18080176,d59e6bd55c3e1e73bd251da8f3bca8dffd4215e72d7b1c431f6db5605e18c27c,6a7796c6ddd3f5a4b6d23ec1d3f4002308640ee8603ad1e6284e7bbac83a6641,8afa59fd63a82e53edb56f2825be23a50cd82fa52536b3d3d55ad68133bb30bf,b75ff79+hoist-diff,strict Python dispatch,float64-int64,0.010475220999069279,0.024293908001709497,7,1,53,44599183,3,30,42501188,3
after,tbb,8,L,flac3d,volume,998250,51381665,1e7d093ec7218c0364da758d4ddc0b21dc81b4fe2fb63ae6abf2427e65bd0113,c6660913a5ec2a2a9d20752b7fca94e57b66b76fb44487d75c2822e8ab9ea037,8afa59fd63a82e53edb56f2825be23a50cd82fa52536b3d3d55ad68133bb30bf,b75ff79+hoist-diff,strict Python dispatch,float64-int64,0.45076106900160084,0.5918239919992629,7,1,3170487,201686814,3,998270,55911056,3
after,tbb,8,L,h5m,volume,998250,4210232,0d187a34c7484ac04bd250fbcdcf32adeb5ebcfd5e9bcb40c9f9f9e87e9d3a06,4ddd47fd8e1b7801d6d93377892635f3e7b8f909631b121a6b7d5b777fbaaab6,8afa59fd63a82e53edb56f2825be23a50cd82fa52536b3d3d55ad68133bb30bf,b75ff79+hoist-diff,strict Python dispatch,float64-int64,0.04034877999947639,0.11332415200013202,7,1,94,44907250,3,73,76354853,3
after,tbb,8,L,lsdyna,volume,998250,90868471,ffb9069cf528134a0cf35e3da71b5e7607d57ae04cf07dd4b689e69d82ab9385,07564f1a09f6b556eea01a40059a72a4c605a0cf925700a6bb8e5efd66b03628,8afa59fd63a82e53edb56f2825be23a50cd82fa52536b3d3d55ad68133bb30bf,b75ff79+hoist-diff,strict Python dispatch,float64-int64,1.6833846529989387,0.7917783720004081,7,1,7866122,1039883648,3,2496041,405855521,3
after,tbb,8,L,marc,volume,998250,73362259,b8dcb98b60bacce06c00b3f4982b39115df24fa29635459f3fcf5c32dce5152a,8109f93962286e96cfc3ac2811a6348ffa87ce1a9572247a668f528924ed6ec6,8afa59fd63a82e53edb56f2825be23a50cd82fa52536b3d3d55ad68133bb30bf,b75ff79+hoist-diff,strict Python dispatch,float64-int64,1.1740264100008062,3.0833544060005806,7,1,10860888,858475847,3,8501579,827897691,3
after,tbb,8,L,mdpa,volume,998250,49745512,c5e02e014950022083b60edc01bb07c501024ce22403443e130e2792ae83f128,fe35d76da8b40bc7506634b51a58220e962a2182df259a6741a3431a2e177033,8afa59fd63a82e53edb56f2825be23a50cd82fa52536b3d3d55ad68133bb30bf,b75ff79+hoist-diff,strict Python dispatch,float64-int64,5.886947781997151,0.6681291730019439,7,1,0,0,3,1173916,56530510,3
after,tbb,8,L,mfem,volume,998250,39683925,799ce40400a43232016ad98eb1b747e47576b816b7d460f9d533ba576f4256c9,bca631908768869472344413ac867025ad2aaf0c55580a44c9fed5cd25e71dc2,8afa59fd63a82e53edb56f2825be23a50cd82fa52536b3d3d55ad68133bb30bf,b75ff79+hoist-diff,strict Python dispatch,float64-int64,1.4833980670009623,0.6420744420029223,7,1,5850718,1268210733,3,4991354,502281525,3
after,tbb,8,L,mff,surface,36300,2,1467fc71e31a32cf0699f2658d00a250fc4e8a3c33275bb6265c9a021985e5ba,0101a54843ac1f44502d412afa968d5d727e29fb2415ac82f8926fbcc4f558e6,8afa59fd63a82e53edb56f2825be23a50cd82fa52536b3d3d55ad68133bb30bf,b75ff79+hoist-diff,strict Python dispatch,float64-int64,2.038200182141736e-05,0.0005320599993865471,7,1,21,9052,3,9,8700,3
after,tbb,8,L,mfm,volume,998250,67529437,6484a190f08e4dd09aa8a69a2c4a797c9bac7319e9d4e96b658ce85c57ad045c,2d40661747f5d1456781b71453bdcf73bd779f7287cb99891fb32dfd138e8173,8afa59fd63a82e53edb56f2825be23a50cd82fa52536b3d3d55ad68133bb30bf,b75ff79+hoist-diff,strict Python dispatch,float64-int64,0.6269284429981781,0.9644188900019799,7,1,59,1117887737,3,10,7994700,3
after,tbb,8,L,openfoam,volume,998250,81744063,de7285cb400e0961d316038e7a5d09684709e0b6b981703aef9e4930a34730d4,7a73ebf0a9d3be561b3d883e4645bb7f5916ed67ae9dfab9194761fa47445a41,8afa59fd63a82e53edb56f2825be23a50cd82fa52536b3d3d55ad68133bb30bf,b75ff79+hoist-diff,strict Python dispatch,float64-int64,1.558367358000396,2.3668029090003984,7,1,33498991,1638674225,3,24957325,2200637326,3
after,tbb,8,L,vtkhdf,volume,998250,5244914,b0c04858f0f79b3f30a699992f59fec0f6f3e9e01144a30877067713c102594d,a6c1ab90618909845d63861225b578fa46d8de677758f5e8215762e030f0315f,8afa59fd63a82e53edb56f2825be23a50cd82fa52536b3d3d55ad68133bb30bf,b75ff79+hoist-diff,strict Python dispatch,float64-int64,0.12772837199736387,0.1637501839977631,7,1,84,156956589,3,210,236646397,3
after,tbb,8,L,vtp,surface,36300,322177,4e4a7ad5e58605e53b6c3c483262da255dc032da27c55e563bac22019f7e0319,b0e9714e47b7e3e948d39b311cdb707004c32406041d20412b1b9429fa1aa77e,8afa59fd63a82e53edb56f2825be23a50cd82fa52536b3d3d55ad68133bb30bf,b75ff79+hoist-diff,strict Python dispatch,float64-int64,0.003641366001829738,0.015308571000787197,7,1,142,11347277,3,120,6074226,3
after,tbb,8,L,xdmf,volume,998250,3927097,620a3abba77726c60f9d93332c239be4c2178056fdc3e58a21907c677caac8d8,a6c1ab90618909845d63861225b578fa46d8de677758f5e8215762e030f0315f,8afa59fd63a82e53edb56f2825be23a50cd82fa52536b3d3d55ad68133bb30bf,b75ff79+hoist-diff,strict Python dispatch,float64-int64,0.018401948000246193,0.07656452599985641,7,1,98,42195782,3,60,39859404,3
after,tbb,8,L,xyz,surface,36300,752529,878c00fc17b9044831c132350ade6c27dbd744b793dbc949c03cf210572a76a6,d6521cf3b9dccca6f128bb6afe0dfcefe5309a59ff914c3ba8b103b478bc3041,8afa59fd63a82e53edb56f2825be23a50cd82fa52536b3d3d55ad68133bb30bf,b75ff79+hoist-diff,strict Python dispatch,float64-int64,0.00491618100204505,0.017510747999040177,7,1,72693,6869193,3,38,156035,3
