stage,backend,threads,size,format,input,cells,bytes,file_sha256,mesh_sha256,module_sha256,source_commit,reader,input_dtypes,read_s,write_s,timing_repeats,timing_warmup,allocations,requested_bytes,allocation_repeats,writer_allocations,writer_requested_bytes,writer_allocation_repeats
before,seq,1,M,ansys,volume,257250,11557105,0bc5452802686eb927bea812dd40cf0ec17f410f8af8a8a1b8994341d1d72e2e,f4b4c5e254ee316602f5650092c3ed6f86b6bec4ffff37362e02e22ad0ceeda1,8f4ace50eb5d3f42c216cf5d043bbb4b2cfd2f9c452e3422a2cbe6f6956f5a5b,01aa7d6,strict Python dispatch,float64-int64,0.7337787559999924,0.5875685910004904,7,1,6475609,418673797,3,8823209,630393135,3
before,seq,1,M,code_aster,volume,257250,12459781,74053d41526052f8f6f97d3b463338efd8742a3d049c0d8936a13233074f99f4,10abc12dd13ca22319e89dd1b9ad612dfa83fddc80cf1117e9ac35838c35aaa9,8f4ace50eb5d3f42c216cf5d043bbb4b2cfd2f9c452e3422a2cbe6f6956f5a5b,01aa7d6,strict Python dispatch,float64-int64,0.3319023029998789,0.08919487699949968,7,1,2196869,468274973,3,140001,34685334,3
before,seq,1,M,elmer,volume,257250,12246660,84bf7321fa6b46a170179baa93305283d4f63fd86dfe3c774cca28a6d00b671b,452d85b4332828631905192e3cb2367537a8407ee5175228551e8ef10624b72c,8f4ace50eb5d3f42c216cf5d043bbb4b2cfd2f9c452e3422a2cbe6f6956f5a5b,01aa7d6,strict Python dispatch,float64-int64,0.13387622999925952,0.09665989000041009,7,1,436462,86404168,3,771880,57926470,3
before,seq,1,M,mphtxt,volume,257250,9119487,afed49307635dc8db33dd638d2a1d651bcf556b4f4aea8c0dde9fc03e9f11a08,2f9e46f2dd4e2f8ceaacaf4c4e1b7582db1aa84a545b0ed30d633afd03c63f51,8f4ace50eb5d3f42c216cf5d043bbb4b2cfd2f9c452e3422a2cbe6f6956f5a5b,01aa7d6,strict Python dispatch,float64-int64,0.04027452199989057,0.0661129099999016,7,1,132243,53998642,3,60,34810804,3
before,seq,1,M,nastran,volume,257250,19235617,03e82f820a7a9e0ad28afcb0a4add8e753d08f858ef4854e86b0a808b92963a6,7ebad2d03334958bd26aab569ecaef1ee4ddddd2fa15f4f6dad27ca54c92ca35,8f4ace50eb5d3f42c216cf5d043bbb4b2cfd2f9c452e3422a2cbe6f6956f5a5b,01aa7d6,strict Python dispatch,float64-int64,0.37915942699964944,0.6542602260005879,7,1,6171676,437985879,3,1273960,60081162,3
before,seq,1,M,netgen,volume,257250,10197802,f3961efac8ce30e46173f0bbe46cc2a910724e4c565d3735587b57ad05b01eba,5fc66b086299aa634cd7ba12037104a3f58aa160bdfdbf3bb25e021c66780427,8f4ace50eb5d3f42c216cf5d043bbb4b2cfd2f9c452e3422a2cbe6f6956f5a5b,01aa7d6,strict Python dispatch,float64-int64,0.08448637400033476,0.11471748999974807,7,1,1426323,131489540,3,257265,12356722,3
before,seq,1,M,radioss,volume,257250,16432595,c5770d53599d3bd842a04d5f49f8cccdd352ee0909f3c67c2ae42ef6a7dedeba,043c6dad61b9b2c13a25464e7b560fe023929cbd368155a5340e5f3cedc7d4a4,8f4ace50eb5d3f42c216cf5d043bbb4b2cfd2f9c452e3422a2cbe6f6956f5a5b,01aa7d6,strict Python dispatch,float64-int64,0.5047547930007568,0.6535677709998708,7,1,4882847,437594874,3,1682301,196907585,3
before,seq,1,M,su2,volume,257250,9940077,2a49df5a03a10be8d31db0577204e6627445958b179f3ccb0b21f7cad811b38b,6c21b70214f99cd6349bdb664c02323d09026d22daac814bb8fc49ebfaf47289,8f4ace50eb5d3f42c216cf5d043bbb4b2cfd2f9c452e3422a2cbe6f6956f5a5b,01aa7d6,strict Python dispatch,float64-int64,0.05134786599955987,0.12668538299931242,7,1,195,87452957,3,34,12886812,3
before,seq,1,M,tecplot,volume,257250,8604743,ac59c8ffc6f0c40b59d86e65d6614b0a2234ca37439cc030bbb50584d6f6c299,532ce728e246a987153b3c13f1f8c54d0197df84c6b6a896e422190a30c1c04f,8f4ace50eb5d3f42c216cf5d043bbb4b2cfd2f9c452e3422a2cbe6f6956f5a5b,01aa7d6,strict Python dispatch,float64-int64,0.12338230600016686,0.08851218699965102,7,1,257406,83578963,3,848,9332119,3
before,seq,1,M,unv,volume,257250,31698294,ba0e93253423934f2c36b233352457e2e6ced3fc2224e5522205082c05105e13,9f261c43cd69e59870163253f7fb5fdabdc97fa5383fe8b7f47719c55b3edabc,8f4ace50eb5d3f42c216cf5d043bbb4b2cfd2f9c452e3422a2cbe6f6956f5a5b,01aa7d6,strict Python dispatch,float64-int64,0.22222024999973655,0.3000920469994526,7,1,5494449,273918098,3,14,2440020,3
before,seq,1,L,ansys,volume,998250,44508151,35e720a591a3556a64802ecbe280b9d9edf901de0ecf2e8c494b080b5f2d7399,f9206619e8bad1af37135672a702e3214e5f389faa946f48d518755ee739d657,8f4ace50eb5d3f42c216cf5d043bbb4b2cfd2f9c452e3422a2cbe6f6956f5a5b,01aa7d6,strict Python dispatch,float64-int64,3.2212010299999747,2.40117790199929,7,1,25065419,1591601269,3,34133238,2442550147,3
before,seq,1,L,code_aster,volume,998250,50743686,5d111f8c8b0188ad332ec66a79ceec5a028f4d928c7a79d6dde29c35c5f6f448,a6c1ab90618909845d63861225b578fa46d8de677758f5e8215762e030f0315f,8f4ace50eb5d3f42c216cf5d043bbb4b2cfd2f9c452e3422a2cbe6f6956f5a5b,01aa7d6,strict Python dispatch,float64-int64,1.571214444999896,0.3474611369992999,7,1,8448317,1801368655,3,526883,137955416,3
before,seq,1,L,elmer,volume,998250,50202237,580db4bbe523ae2578ff0077310f821a0c826c6f5b44f06e6322db60b52dbbc5,6cee3c0b05471e6a183115a6be6c6932d2cc191031e4d327c3863846ffff833a,8f4ace50eb5d3f42c216cf5d043bbb4b2cfd2f9c452e3422a2cbe6f6956f5a5b,01aa7d6,strict Python dispatch,float64-int64,0.6064766670006065,0.4023158109994256,7,1,1682288,342437112,3,2994884,229335898,3
before,seq,1,L,mphtxt,volume,998250,37687784,0e9d1172a6523de989eb9f7ae504a2d9e36d295244b84096a0033a2957f9b7f1,9918137ab181995ba5b6ae1e3509ba4f5594c201ba353e3c2ae2debafe254c56,8f4ace50eb5d3f42c216cf5d043bbb4b2cfd2f9c452e3422a2cbe6f6956f5a5b,01aa7d6,strict Python dispatch,float64-int64,0.19567826299953595,0.26774106599987135,7,1,508075,176097564,3,62,138815646,3
before,seq,1,L,nastran,volume,998250,74110697,a5dacec14a9a183c623c1d1419fd6bed62659dfdbb21226dcc22c2d7464f1d9d,c02213b0d99a00371d3f25a3a5532481754e4dd7e619ffdc48245579b27601b9,8f4ace50eb5d3f42c216cf5d043bbb4b2cfd2f9c452e3422a2cbe6f6956f5a5b,01aa7d6,strict Python dispatch,float64-int64,1.5363910190008028,2.4971744570002556,7,1,23828820,1703386255,3,4962040,233691642,3
before,seq,1,L,netgen,volume,998250,41575371,e93f275dc5893c4d59b7d4b155f6b30506979681178e196e734705c02b875146,0dde3ddd8d3ba3ed2d44551357e05edb6a33d8ff0c82a07ec8d6c632a37b3113,8f4ace50eb5d3f42c216cf5d043bbb4b2cfd2f9c452e3422a2cbe6f6956f5a5b,01aa7d6,strict Python dispatch,float64-int64,0.33706862600047316,0.44318562500029657,7,1,5518201,473771763,3,998265,47924722,3
before,seq,1,L,radioss,volume,998250,63379755,246f1ec29a86f679e381965aef3bfc01d84feebdb2f5d8e0be7277ac98ed6350,7924a3ada46043a30ca4f095f4a6fc5afb7c5d14345968a64764d0fe5505b7fa,8f4ace50eb5d3f42c216cf5d043bbb4b2cfd2f9c452e3422a2cbe6f6956f5a5b,01aa7d6,strict Python dispatch,float64-int64,2.1687887999996747,2.701175004000106,7,1,19246180,1664950937,3,6505061,777724035,3
before,seq,1,L,su2,volume,998250,40576622,8c310f8407045ab04ad19739ec837bbe210243932cfd2a7f535d8416ffedbf49,782a843f88ecf881b105074a9f376e857bfb52b9ed3bdafb72a262026da03753,8f4ace50eb5d3f42c216cf5d043bbb4b2cfd2f9c452e3422a2cbe6f6956f5a5b,01aa7d6,strict Python dispatch,float64-int64,0.20462586600024224,0.49244131600062246,7,1,201,308005769,3,36,50940316,3
before,seq,1,L,tecplot,volume,998250,35691064,a742c38dd2898c6063e4f7f8f34ebbe183321b8068b394aae992f49ccb71d68e,cf23317d0c7c5c1c9013cc59c7f606dad1823978dc78af4b24468b3a8e924121,8f4ace50eb5d3f42c216cf5d043bbb4b2cfd2f9c452e3422a2cbe6f6956f5a5b,01aa7d6,strict Python dispatch,float64-int64,0.556328508999286,0.33924544700039405,7,1,998402,228623961,3,2329,27819606,3
before,seq,1,L,unv,volume,998250,122368614,9f24a063b5af613dc1fea36fe42e4b17b8f3b4c041f3cc41f47982f0935e3b6f,867f496e8f8a04adabf09bb2a0fcbb9d58fe4cde88998eb8719ea04b5931e503,8f4ace50eb5d3f42c216cf5d043bbb4b2cfd2f9c452e3422a2cbe6f6956f5a5b,01aa7d6,strict Python dispatch,float64-int64,0.8868102139995244,1.181769782999254,7,1,21249943,1067622642,3,14,9399700,3
after,seq,1,M,ansys,volume,257250,11557105,0bc5452802686eb927bea812dd40cf0ec17f410f8af8a8a1b8994341d1d72e2e,f4b4c5e254ee316602f5650092c3ed6f86b6bec4ffff37362e02e22ad0ceeda1,e8887d37a77b34a902e77992933a03c6b79e9fcf98049a1c25489bd8ed638e71,01aa7d6+hoist-diff,strict Python dispatch,float64-int64,0.7764993310001955,0.6171807350001473,7,1,6475609,418673797,3,8823210,630393175,3
after,seq,1,M,code_aster,volume,257250,12459781,74053d41526052f8f6f97d3b463338efd8742a3d049c0d8936a13233074f99f4,10abc12dd13ca22319e89dd1b9ad612dfa83fddc80cf1117e9ac35838c35aaa9,e8887d37a77b34a902e77992933a03c6b79e9fcf98049a1c25489bd8ed638e71,01aa7d6+hoist-diff,strict Python dispatch,float64-int64,0.39015551200009213,0.10073250499954156,7,1,2196869,468274973,3,140001,34685334,3
after,seq,1,M,elmer,volume,257250,12246660,84bf7321fa6b46a170179baa93305283d4f63fd86dfe3c774cca28a6d00b671b,452d85b4332828631905192e3cb2367537a8407ee5175228551e8ef10624b72c,e8887d37a77b34a902e77992933a03c6b79e9fcf98049a1c25489bd8ed638e71,01aa7d6+hoist-diff,strict Python dispatch,float64-int64,0.14149759799965977,0.11085987000024033,7,1,436462,86404168,3,771880,57926470,3
after,seq,1,M,mphtxt,volume,257250,9119487,afed49307635dc8db33dd638d2a1d651bcf556b4f4aea8c0dde9fc03e9f11a08,2f9e46f2dd4e2f8ceaacaf4c4e1b7582db1aa84a545b0ed30d633afd03c63f51,e8887d37a77b34a902e77992933a03c6b79e9fcf98049a1c25489bd8ed638e71,01aa7d6+hoist-diff,strict Python dispatch,float64-int64,0.04761513599987666,0.06705924000016239,7,1,132243,53998642,3,60,34810804,3
after,seq,1,M,nastran,volume,257250,19235617,03e82f820a7a9e0ad28afcb0a4add8e753d08f858ef4854e86b0a808b92963a6,7ebad2d03334958bd26aab569ecaef1ee4ddddd2fa15f4f6dad27ca54c92ca35,e8887d37a77b34a902e77992933a03c6b79e9fcf98049a1c25489bd8ed638e71,01aa7d6+hoist-diff,strict Python dispatch,float64-int64,0.39841021400025056,0.6648901300004582,7,1,6171676,437985879,3,1273960,60081162,3
after,seq,1,M,netgen,volume,257250,10197802,f3961efac8ce30e46173f0bbe46cc2a910724e4c565d3735587b57ad05b01eba,5fc66b086299aa634cd7ba12037104a3f58aa160bdfdbf3bb25e021c66780427,e8887d37a77b34a902e77992933a03c6b79e9fcf98049a1c25489bd8ed638e71,01aa7d6+hoist-diff,strict Python dispatch,float64-int64,0.08920127500005037,0.1166501440002321,7,1,1426323,131489540,3,257265,12356722,3
after,seq,1,M,radioss,volume,257250,16432595,c5770d53599d3bd842a04d5f49f8cccdd352ee0909f3c67c2ae42ef6a7dedeba,043c6dad61b9b2c13a25464e7b560fe023929cbd368155a5340e5f3cedc7d4a4,e8887d37a77b34a902e77992933a03c6b79e9fcf98049a1c25489bd8ed638e71,01aa7d6+hoist-diff,strict Python dispatch,float64-int64,0.5086486199998035,0.672983454000132,7,1,4882847,437594874,3,1682302,196907625,3
after,seq,1,M,su2,volume,257250,9940077,2a49df5a03a10be8d31db0577204e6627445958b179f3ccb0b21f7cad811b38b,6c21b70214f99cd6349bdb664c02323d09026d22daac814bb8fc49ebfaf47289,e8887d37a77b34a902e77992933a03c6b79e9fcf98049a1c25489bd8ed638e71,01aa7d6+hoist-diff,strict Python dispatch,float64-int64,0.048003150999647914,0.1262319879997449,7,1,195,87452957,3,36,12886892,3
after,seq,1,M,tecplot,volume,257250,8604743,ac59c8ffc6f0c40b59d86e65d6614b0a2234ca37439cc030bbb50584d6f6c299,532ce728e246a987153b3c13f1f8c54d0197df84c6b6a896e422190a30c1c04f,e8887d37a77b34a902e77992933a03c6b79e9fcf98049a1c25489bd8ed638e71,01aa7d6+hoist-diff,strict Python dispatch,float64-int64,0.1183872239998891,0.09655384300003789,7,1,257406,83578963,3,848,9332119,3
after,seq,1,M,unv,volume,257250,31698294,ba0e93253423934f2c36b233352457e2e6ced3fc2224e5522205082c05105e13,9f261c43cd69e59870163253f7fb5fdabdc97fa5383fe8b7f47719c55b3edabc,e8887d37a77b34a902e77992933a03c6b79e9fcf98049a1c25489bd8ed638e71,01aa7d6+hoist-diff,strict Python dispatch,float64-int64,0.22462717700000212,0.2990713350000078,7,1,5494449,273918098,3,14,2440020,3
after,seq,1,L,ansys,volume,998250,44508151,35e720a591a3556a64802ecbe280b9d9edf901de0ecf2e8c494b080b5f2d7399,f9206619e8bad1af37135672a702e3214e5f389faa946f48d518755ee739d657,e8887d37a77b34a902e77992933a03c6b79e9fcf98049a1c25489bd8ed638e71,01aa7d6+hoist-diff,strict Python dispatch,float64-int64,3.3620621330001086,2.4190691020003214,7,1,25065419,1591601269,3,34133239,2442550187,3
after,seq,1,L,code_aster,volume,998250,50743686,5d111f8c8b0188ad332ec66a79ceec5a028f4d928c7a79d6dde29c35c5f6f448,a6c1ab90618909845d63861225b578fa46d8de677758f5e8215762e030f0315f,e8887d37a77b34a902e77992933a03c6b79e9fcf98049a1c25489bd8ed638e71,01aa7d6+hoist-diff,strict Python dispatch,float64-int64,1.6234020720003173,0.33938182199926814,7,1,8448317,1801368655,3,526883,137955416,3
after,seq,1,L,elmer,volume,998250,50202237,580db4bbe523ae2578ff0077310f821a0c826c6f5b44f06e6322db60b52dbbc5,6cee3c0b05471e6a183115a6be6c6932d2cc191031e4d327c3863846ffff833a,e8887d37a77b34a902e77992933a03c6b79e9fcf98049a1c25489bd8ed638e71,01aa7d6+hoist-diff,strict Python dispatch,float64-int64,0.6155834780001896,0.4068584599999667,7,1,1682288,342437112,3,2994884,229335898,3
after,seq,1,L,mphtxt,volume,998250,37687784,0e9d1172a6523de989eb9f7ae504a2d9e36d295244b84096a0033a2957f9b7f1,9918137ab181995ba5b6ae1e3509ba4f5594c201ba353e3c2ae2debafe254c56,e8887d37a77b34a902e77992933a03c6b79e9fcf98049a1c25489bd8ed638e71,01aa7d6+hoist-diff,strict Python dispatch,float64-int64,0.20609602100012125,0.2727201130001049,7,1,508075,176097564,3,62,138815646,3
after,seq,1,L,nastran,volume,998250,74110697,a5dacec14a9a183c623c1d1419fd6bed62659dfdbb21226dcc22c2d7464f1d9d,c02213b0d99a00371d3f25a3a5532481754e4dd7e619ffdc48245579b27601b9,e8887d37a77b34a902e77992933a03c6b79e9fcf98049a1c25489bd8ed638e71,01aa7d6+hoist-diff,strict Python dispatch,float64-int64,1.5573116490004395,2.5427877420006553,7,1,23828820,1703386255,3,4962040,233691642,3
after,seq,1,L,netgen,volume,998250,41575371,e93f275dc5893c4d59b7d4b155f6b30506979681178e196e734705c02b875146,0dde3ddd8d3ba3ed2d44551357e05edb6a33d8ff0c82a07ec8d6c632a37b3113,e8887d37a77b34a902e77992933a03c6b79e9fcf98049a1c25489bd8ed638e71,01aa7d6+hoist-diff,strict Python dispatch,float64-int64,0.33382433200040396,0.4705267070003174,7,1,5518201,473771763,3,998265,47924722,3
after,seq,1,L,radioss,volume,998250,63379755,246f1ec29a86f679e381965aef3bfc01d84feebdb2f5d8e0be7277ac98ed6350,7924a3ada46043a30ca4f095f4a6fc5afb7c5d14345968a64764d0fe5505b7fa,e8887d37a77b34a902e77992933a03c6b79e9fcf98049a1c25489bd8ed638e71,01aa7d6+hoist-diff,strict Python dispatch,float64-int64,2.0804452660004245,2.649631385000248,7,1,19246180,1664950937,3,6505062,777724075,3
after,seq,1,L,su2,volume,998250,40576622,8c310f8407045ab04ad19739ec837bbe210243932cfd2a7f535d8416ffedbf49,782a843f88ecf881b105074a9f376e857bfb52b9ed3bdafb72a262026da03753,e8887d37a77b34a902e77992933a03c6b79e9fcf98049a1c25489bd8ed638e71,01aa7d6+hoist-diff,strict Python dispatch,float64-int64,0.21319491600024776,0.4902274870000838,7,1,201,308005769,3,38,50940396,3
after,seq,1,L,tecplot,volume,998250,35691064,a742c38dd2898c6063e4f7f8f34ebbe183321b8068b394aae992f49ccb71d68e,cf23317d0c7c5c1c9013cc59c7f606dad1823978dc78af4b24468b3a8e924121,e8887d37a77b34a902e77992933a03c6b79e9fcf98049a1c25489bd8ed638e71,01aa7d6+hoist-diff,strict Python dispatch,float64-int64,0.5748940180001227,0.34081604899984086,7,1,998402,228623961,3,2329,27819606,3
after,seq,1,L,unv,volume,998250,122368614,9f24a063b5af613dc1fea36fe42e4b17b8f3b4c041f3cc41f47982f0935e3b6f,867f496e8f8a04adabf09bb2a0fcbb9d58fe4cde88998eb8719ea04b5931e503,e8887d37a77b34a902e77992933a03c6b79e9fcf98049a1c25489bd8ed638e71,01aa7d6+hoist-diff,strict Python dispatch,float64-int64,0.8822399909995511,1.2202976369999305,7,1,21249943,1067622642,3,14,9399700,3
before,openmp,1,M,ansys,volume,257250,11557105,0bc5452802686eb927bea812dd40cf0ec17f410f8af8a8a1b8994341d1d72e2e,f4b4c5e254ee316602f5650092c3ed6f86b6bec4ffff37362e02e22ad0ceeda1,410ef56d7c5fc49d217b57ab8dd14326fdb88e14dda7585ef897a7793da037ad,01aa7d6,strict Python dispatch,float64-int64,0.7315303989998938,0.6015056510004797,7,1,6475609,418673797,3,8823209,630393135,3
before,openmp,1,M,code_aster,volume,257250,12459781,74053d41526052f8f6f97d3b463338efd8742a3d049c0d8936a13233074f99f4,10abc12dd13ca22319e89dd1b9ad612dfa83fddc80cf1117e9ac35838c35aaa9,410ef56d7c5fc49d217b57ab8dd14326fdb88e14dda7585ef897a7793da037ad,01aa7d6,strict Python dispatch,float64-int64,0.3360638980002477,0.08964470200044161,7,1,2196869,468274973,3,140001,34685334,3
before,openmp,1,M,elmer,volume,257250,12246660,84bf7321fa6b46a170179baa93305283d4f63fd86dfe3c774cca28a6d00b671b,452d85b4332828631905192e3cb2367537a8407ee5175228551e8ef10624b72c,410ef56d7c5fc49d217b57ab8dd14326fdb88e14dda7585ef897a7793da037ad,01aa7d6,strict Python dispatch,float64-int64,0.14238171800025157,0.10522412400041503,7,1,436462,86404168,3,771880,57926470,3
before,openmp,1,M,mphtxt,volume,257250,9119487,afed49307635dc8db33dd638d2a1d651bcf556b4f4aea8c0dde9fc03e9f11a08,2f9e46f2dd4e2f8ceaacaf4c4e1b7582db1aa84a545b0ed30d633afd03c63f51,410ef56d7c5fc49d217b57ab8dd14326fdb88e14dda7585ef897a7793da037ad,01aa7d6,strict Python dispatch,float64-int64,0.04758396699980949,0.06802143300046737,7,1,132243,53998642,3,60,34810804,3
before,openmp,1,M,nastran,volume,257250,19235617,03e82f820a7a9e0ad28afcb0a4add8e753d08f858ef4854e86b0a808b92963a6,7ebad2d03334958bd26aab569ecaef1ee4ddddd2fa15f4f6dad27ca54c92ca35,410ef56d7c5fc49d217b57ab8dd14326fdb88e14dda7585ef897a7793da037ad,01aa7d6,strict Python dispatch,float64-int64,0.38396489300066605,0.6522592619994612,7,1,6171676,437985879,3,1273960,60081162,3
before,openmp,1,M,netgen,volume,257250,10197802,f3961efac8ce30e46173f0bbe46cc2a910724e4c565d3735587b57ad05b01eba,5fc66b086299aa634cd7ba12037104a3f58aa160bdfdbf3bb25e021c66780427,410ef56d7c5fc49d217b57ab8dd14326fdb88e14dda7585ef897a7793da037ad,01aa7d6,strict Python dispatch,float64-int64,0.08354417999998986,0.1131590810000489,7,1,1426323,131489540,3,257265,12356722,3
before,openmp,1,M,radioss,volume,257250,16432595,c5770d53599d3bd842a04d5f49f8cccdd352ee0909f3c67c2ae42ef6a7dedeba,043c6dad61b9b2c13a25464e7b560fe023929cbd368155a5340e5f3cedc7d4a4,410ef56d7c5fc49d217b57ab8dd14326fdb88e14dda7585ef897a7793da037ad,01aa7d6,strict Python dispatch,float64-int64,0.5213271560005523,0.6763955510004962,7,1,4882847,437594874,3,1682301,196907585,3
before,openmp,1,M,su2,volume,257250,9940077,2a49df5a03a10be8d31db0577204e6627445958b179f3ccb0b21f7cad811b38b,6c21b70214f99cd6349bdb664c02323d09026d22daac814bb8fc49ebfaf47289,410ef56d7c5fc49d217b57ab8dd14326fdb88e14dda7585ef897a7793da037ad,01aa7d6,strict Python dispatch,float64-int64,0.052346260999911465,0.1255069740000181,7,1,195,87452957,3,34,12886812,3
before,openmp,1,M,tecplot,volume,257250,8604743,ac59c8ffc6f0c40b59d86e65d6614b0a2234ca37439cc030bbb50584d6f6c299,532ce728e246a987153b3c13f1f8c54d0197df84c6b6a896e422190a30c1c04f,410ef56d7c5fc49d217b57ab8dd14326fdb88e14dda7585ef897a7793da037ad,01aa7d6,strict Python dispatch,float64-int64,0.1260316170000806,0.09024194199992053,7,1,257406,83578963,3,848,9332119,3
before,openmp,1,M,unv,volume,257250,31698294,ba0e93253423934f2c36b233352457e2e6ced3fc2224e5522205082c05105e13,9f261c43cd69e59870163253f7fb5fdabdc97fa5383fe8b7f47719c55b3edabc,410ef56d7c5fc49d217b57ab8dd14326fdb88e14dda7585ef897a7793da037ad,01aa7d6,strict Python dispatch,float64-int64,0.22768164300032367,0.3068414429999393,7,1,5494449,273918098,3,14,2440020,3
before,openmp,1,L,ansys,volume,998250,44508151,35e720a591a3556a64802ecbe280b9d9edf901de0ecf2e8c494b080b5f2d7399,f9206619e8bad1af37135672a702e3214e5f389faa946f48d518755ee739d657,410ef56d7c5fc49d217b57ab8dd14326fdb88e14dda7585ef897a7793da037ad,01aa7d6,strict Python dispatch,float64-int64,3.386930626999856,2.477636857000107,7,1,25065419,1591601269,3,34133238,2442550147,3
before,openmp,1,L,code_aster,volume,998250,50743686,5d111f8c8b0188ad332ec66a79ceec5a028f4d928c7a79d6dde29c35c5f6f448,a6c1ab90618909845d63861225b578fa46d8de677758f5e8215762e030f0315f,410ef56d7c5fc49d217b57ab8dd14326fdb88e14dda7585ef897a7793da037ad,01aa7d6,strict Python dispatch,float64-int64,1.652334291000443,0.35552333900068334,7,1,8448317,1801368655,3,526883,137955416,3
before,openmp,1,L,elmer,volume,998250,50202237,580db4bbe523ae2578ff0077310f821a0c826c6f5b44f06e6322db60b52dbbc5,6cee3c0b05471e6a183115a6be6c6932d2cc191031e4d327c3863846ffff833a,410ef56d7c5fc49d217b57ab8dd14326fdb88e14dda7585ef897a7793da037ad,01aa7d6,strict Python dispatch,float64-int64,0.6678261830002157,0.413040207999984,7,1,1682288,342437112,3,2994884,229335898,3
before,openmp,1,L,mphtxt,volume,998250,37687784,0e9d1172a6523de989eb9f7ae504a2d9e36d295244b84096a0033a2957f9b7f1,9918137ab181995ba5b6ae1e3509ba4f5594c201ba353e3c2ae2debafe254c56,410ef56d7c5fc49d217b57ab8dd14326fdb88e14dda7585ef897a7793da037ad,01aa7d6,strict Python dispatch,float64-int64,0.20930070800022804,0.2769802319999144,7,1,508075,176097564,3,62,138815646,3
before,openmp,1,L,nastran,volume,998250,74110697,a5dacec14a9a183c623c1d1419fd6bed62659dfdbb21226dcc22c2d7464f1d9d,c02213b0d99a00371d3f25a3a5532481754e4dd7e619ffdc48245579b27601b9,410ef56d7c5fc49d217b57ab8dd14326fdb88e14dda7585ef897a7793da037ad,01aa7d6,strict Python dispatch,float64-int64,1.5397885129996212,2.5373013520002132,7,1,23828820,1703386255,3,4962040,233691642,3
before,openmp,1,L,netgen,volume,998250,41575371,e93f275dc5893c4d59b7d4b155f6b30506979681178e196e734705c02b875146,0dde3ddd8d3ba3ed2d44551357e05edb6a33d8ff0c82a07ec8d6c632a37b3113,410ef56d7c5fc49d217b57ab8dd14326fdb88e14dda7585ef897a7793da037ad,01aa7d6,strict Python dispatch,float64-int64,0.33399981500042486,0.4662254140002915,7,1,5518201,473771763,3,998265,47924722,3
before,openmp,1,L,radioss,volume,998250,63379755,246f1ec29a86f679e381965aef3bfc01d84feebdb2f5d8e0be7277ac98ed6350,7924a3ada46043a30ca4f095f4a6fc5afb7c5d14345968a64764d0fe5505b7fa,410ef56d7c5fc49d217b57ab8dd14326fdb88e14dda7585ef897a7793da037ad,01aa7d6,strict Python dispatch,float64-int64,2.143402466000225,2.6966467690008358,7,1,19246180,1664950937,3,6505061,777724035,3
before,openmp,1,L,su2,volume,998250,40576622,8c310f8407045ab04ad19739ec837bbe210243932cfd2a7f535d8416ffedbf49,782a843f88ecf881b105074a9f376e857bfb52b9ed3bdafb72a262026da03753,410ef56d7c5fc49d217b57ab8dd14326fdb88e14dda7585ef897a7793da037ad,01aa7d6,strict Python dispatch,float64-int64,0.2047294129997681,0.4978732180006773,7,1,201,308005769,3,36,50940316,3
before,openmp,1,L,tecplot,volume,998250,35691064,a742c38dd2898c6063e4f7f8f34ebbe183321b8068b394aae992f49ccb71d68e,cf23317d0c7c5c1c9013cc59c7f606dad1823978dc78af4b24468b3a8e924121,410ef56d7c5fc49d217b57ab8dd14326fdb88e14dda7585ef897a7793da037ad,01aa7d6,strict Python dispatch,float64-int64,0.5136679150000418,0.34053469100035727,7,1,998402,228623961,3,2329,27819606,3
before,openmp,1,L,unv,volume,998250,122368614,9f24a063b5af613dc1fea36fe42e4b17b8f3b4c041f3cc41f47982f0935e3b6f,867f496e8f8a04adabf09bb2a0fcbb9d58fe4cde88998eb8719ea04b5931e503,410ef56d7c5fc49d217b57ab8dd14326fdb88e14dda7585ef897a7793da037ad,01aa7d6,strict Python dispatch,float64-int64,0.8786763870002687,1.1887564429998747,7,1,21249943,1067622642,3,14,9399700,3
after,openmp,1,M,ansys,volume,257250,11557105,0bc5452802686eb927bea812dd40cf0ec17f410f8af8a8a1b8994341d1d72e2e,f4b4c5e254ee316602f5650092c3ed6f86b6bec4ffff37362e02e22ad0ceeda1,455536c75734e4266b077477fe470002981a4f6f03fb5d6ea2e19ef415bf85ef,01aa7d6+hoist-diff,strict Python dispatch,float64-int64,0.7058351730001959,0.5945320410000932,7,1,6475609,418673797,3,8823210,630393175,3
after,openmp,1,M,code_aster,volume,257250,12459781,74053d41526052f8f6f97d3b463338efd8742a3d049c0d8936a13233074f99f4,10abc12dd13ca22319e89dd1b9ad612dfa83fddc80cf1117e9ac35838c35aaa9,455536c75734e4266b077477fe470002981a4f6f03fb5d6ea2e19ef415bf85ef,01aa7d6+hoist-diff,strict Python dispatch,float64-int64,0.32479667699954007,0.08787214399944787,7,1,2196869,468274973,3,140001,34685334,3
after,openmp,1,M,elmer,volume,257250,12246660,84bf7321fa6b46a170179baa93305283d4f63fd86dfe3c774cca28a6d00b671b,452d85b4332828631905192e3cb2367537a8407ee5175228551e8ef10624b72c,455536c75734e4266b077477fe470002981a4f6f03fb5d6ea2e19ef415bf85ef,01aa7d6+hoist-diff,strict Python dispatch,float64-int64,0.13154695200046262,0.10512247600036062,7,1,436462,86404168,3,771880,57926470,3
after,openmp,1,M,mphtxt,volume,257250,9119487,afed49307635dc8db33dd638d2a1d651bcf556b4f4aea8c0dde9fc03e9f11a08,2f9e46f2dd4e2f8ceaacaf4c4e1b7582db1aa84a545b0ed30d633afd03c63f51,455536c75734e4266b077477fe470002981a4f6f03fb5d6ea2e19ef415bf85ef,01aa7d6+hoist-diff,strict Python dispatch,float64-int64,0.04375272099969152,0.06904541799940489,7,1,132243,53998642,3,60,34810804,3
after,openmp,1,M,nastran,volume,257250,19235617,03e82f820a7a9e0ad28afcb0a4add8e753d08f858ef4854e86b0a808b92963a6,7ebad2d03334958bd26aab569ecaef1ee4ddddd2fa15f4f6dad27ca54c92ca35,455536c75734e4266b077477fe470002981a4f6f03fb5d6ea2e19ef415bf85ef,01aa7d6+hoist-diff,strict Python dispatch,float64-int64,0.38289326399990387,0.6482264890000806,7,1,6171676,437985879,3,1273960,60081162,3
after,openmp,1,M,netgen,volume,257250,10197802,f3961efac8ce30e46173f0bbe46cc2a910724e4c565d3735587b57ad05b01eba,5fc66b086299aa634cd7ba12037104a3f58aa160bdfdbf3bb25e021c66780427,455536c75734e4266b077477fe470002981a4f6f03fb5d6ea2e19ef415bf85ef,01aa7d6+hoist-diff,strict Python dispatch,float64-int64,0.08287558699976216,0.11317849700026272,7,1,1426323,131489540,3,257265,12356722,3
after,openmp,1,M,radioss,volume,257250,16432595,c5770d53599d3bd842a04d5f49f8cccdd352ee0909f3c67c2ae42ef6a7dedeba,043c6dad61b9b2c13a25464e7b560fe023929cbd368155a5340e5f3cedc7d4a4,455536c75734e4266b077477fe470002981a4f6f03fb5d6ea2e19ef415bf85ef,01aa7d6+hoist-diff,strict Python dispatch,float64-int64,0.5077106200005801,0.6618142830002398,7,1,4882847,437594874,3,1682302,196907625,3
after,openmp,1,M,su2,volume,257250,9940077,2a49df5a03a10be8d31db0577204e6627445958b179f3ccb0b21f7cad811b38b,6c21b70214f99cd6349bdb664c02323d09026d22daac814bb8fc49ebfaf47289,455536c75734e4266b077477fe470002981a4f6f03fb5d6ea2e19ef415bf85ef,01aa7d6+hoist-diff,strict Python dispatch,float64-int64,0.05058673300027294,0.1245733690002453,7,1,195,87452957,3,36,12886892,3
after,openmp,1,M,tecplot,volume,257250,8604743,ac59c8ffc6f0c40b59d86e65d6614b0a2234ca37439cc030bbb50584d6f6c299,532ce728e246a987153b3c13f1f8c54d0197df84c6b6a896e422190a30c1c04f,455536c75734e4266b077477fe470002981a4f6f03fb5d6ea2e19ef415bf85ef,01aa7d6+hoist-diff,strict Python dispatch,float64-int64,0.11686722700051178,0.08500172000003658,7,1,257406,83578963,3,848,9332119,3
after,openmp,1,M,unv,volume,257250,31698294,ba0e93253423934f2c36b233352457e2e6ced3fc2224e5522205082c05105e13,9f261c43cd69e59870163253f7fb5fdabdc97fa5383fe8b7f47719c55b3edabc,455536c75734e4266b077477fe470002981a4f6f03fb5d6ea2e19ef415bf85ef,01aa7d6+hoist-diff,strict Python dispatch,float64-int64,0.22140287599995645,0.3040095559999827,7,1,5494449,273918098,3,14,2440020,3
after,openmp,1,L,ansys,volume,998250,44508151,35e720a591a3556a64802ecbe280b9d9edf901de0ecf2e8c494b080b5f2d7399,f9206619e8bad1af37135672a702e3214e5f389faa946f48d518755ee739d657,455536c75734e4266b077477fe470002981a4f6f03fb5d6ea2e19ef415bf85ef,01aa7d6+hoist-diff,strict Python dispatch,float64-int64,3.4379710099992735,2.4293319570006133,7,1,25065419,1591601269,3,34133239,2442550187,3
after,openmp,1,L,code_aster,volume,998250,50743686,5d111f8c8b0188ad332ec66a79ceec5a028f4d928c7a79d6dde29c35c5f6f448,a6c1ab90618909845d63861225b578fa46d8de677758f5e8215762e030f0315f,455536c75734e4266b077477fe470002981a4f6f03fb5d6ea2e19ef415bf85ef,01aa7d6+hoist-diff,strict Python dispatch,float64-int64,1.599425377999978,0.3428984350002793,7,1,8448317,1801368655,3,526883,137955416,3
after,openmp,1,L,elmer,volume,998250,50202237,580db4bbe523ae2578ff0077310f821a0c826c6f5b44f06e6322db60b52dbbc5,6cee3c0b05471e6a183115a6be6c6932d2cc191031e4d327c3863846ffff833a,455536c75734e4266b077477fe470002981a4f6f03fb5d6ea2e19ef415bf85ef,01aa7d6+hoist-diff,strict Python dispatch,float64-int64,0.5873179760001221,0.4005177219996767,7,1,1682288,342437112,3,2994884,229335898,3
after,openmp,1,L,mphtxt,volume,998250,37687784,0e9d1172a6523de989eb9f7ae504a2d9e36d295244b84096a0033a2957f9b7f1,9918137ab181995ba5b6ae1e3509ba4f5594c201ba353e3c2ae2debafe254c56,455536c75734e4266b077477fe470002981a4f6f03fb5d6ea2e19ef415bf85ef,01aa7d6+hoist-diff,strict Python dispatch,float64-int64,0.19503304799945909,0.27241495799989934,7,1,508075,176097564,3,62,138815646,3
after,openmp,1,L,nastran,volume,998250,74110697,a5dacec14a9a183c623c1d1419fd6bed62659dfdbb21226dcc22c2d7464f1d9d,c02213b0d99a00371d3f25a3a5532481754e4dd7e619ffdc48245579b27601b9,455536c75734e4266b077477fe470002981a4f6f03fb5d6ea2e19ef415bf85ef,01aa7d6+hoist-diff,strict Python dispatch,float64-int64,1.5680263790000026,2.534339157999966,7,1,23828820,1703386255,3,4962040,233691642,3
after,openmp,1,L,netgen,volume,998250,41575371,e93f275dc5893c4d59b7d4b155f6b30506979681178e196e734705c02b875146,0dde3ddd8d3ba3ed2d44551357e05edb6a33d8ff0c82a07ec8d6c632a37b3113,455536c75734e4266b077477fe470002981a4f6f03fb5d6ea2e19ef415bf85ef,01aa7d6+hoist-diff,strict Python dispatch,float64-int64,0.34576401300000725,0.45869027499975346,7,1,5518201,473771763,3,998265,47924722,3
after,openmp,1,L,radioss,volume,998250,63379755,246f1ec29a86f679e381965aef3bfc01d84feebdb2f5d8e0be7277ac98ed6350,7924a3ada46043a30ca4f095f4a6fc5afb7c5d14345968a64764d0fe5505b7fa,455536c75734e4266b077477fe470002981a4f6f03fb5d6ea2e19ef415bf85ef,01aa7d6+hoist-diff,strict Python dispatch,float64-int64,2.080130361000556,2.683743597999637,7,1,19246180,1664950937,3,6505062,777724075,3
after,openmp,1,L,su2,volume,998250,40576622,8c310f8407045ab04ad19739ec837bbe210243932cfd2a7f535d8416ffedbf49,782a843f88ecf881b105074a9f376e857bfb52b9ed3bdafb72a262026da03753,455536c75734e4266b077477fe470002981a4f6f03fb5d6ea2e19ef415bf85ef,01aa7d6+hoist-diff,strict Python dispatch,float64-int64,0.2127341619998333,0.48234981699988566,7,1,201,308005769,3,38,50940396,3
after,openmp,1,L,tecplot,volume,998250,35691064,a742c38dd2898c6063e4f7f8f34ebbe183321b8068b394aae992f49ccb71d68e,cf23317d0c7c5c1c9013cc59c7f606dad1823978dc78af4b24468b3a8e924121,455536c75734e4266b077477fe470002981a4f6f03fb5d6ea2e19ef415bf85ef,01aa7d6+hoist-diff,strict Python dispatch,float64-int64,0.5387754379999024,0.3322578359993713,7,1,998402,228623961,3,2329,27819606,3
after,openmp,1,L,unv,volume,998250,122368614,9f24a063b5af613dc1fea36fe42e4b17b8f3b4c041f3cc41f47982f0935e3b6f,867f496e8f8a04adabf09bb2a0fcbb9d58fe4cde88998eb8719ea04b5931e503,455536c75734e4266b077477fe470002981a4f6f03fb5d6ea2e19ef415bf85ef,01aa7d6+hoist-diff,strict Python dispatch,float64-int64,0.870659500000329,1.169606307000322,7,1,21249943,1067622642,3,14,9399700,3
before,openmp,4,M,ansys,volume,257250,11557105,0bc5452802686eb927bea812dd40cf0ec17f410f8af8a8a1b8994341d1d72e2e,f4b4c5e254ee316602f5650092c3ed6f86b6bec4ffff37362e02e22ad0ceeda1,410ef56d7c5fc49d217b57ab8dd14326fdb88e14dda7585ef897a7793da037ad,01aa7d6,strict Python dispatch,float64-int64,0.7660816560000967,0.33836790500026837,7,1,6475609,418673797,3,8823211,631886183,3
before,openmp,4,M,code_aster,volume,257250,12459781,74053d41526052f8f6f97d3b463338efd8742a3d049c0d8936a13233074f99f4,10abc12dd13ca22319e89dd1b9ad612dfa83fddc80cf1117e9ac35838c35aaa9,410ef56d7c5fc49d217b57ab8dd14326fdb88e14dda7585ef897a7793da037ad,01aa7d6,strict Python dispatch,float64-int64,0.34707864800020616,0.0924714180000592,7,1,2196869,468274973,3,140001,34685334,3
before,openmp,4,M,elmer,volume,257250,12246660,84bf7321fa6b46a170179baa93305283d4f63fd86dfe3c774cca28a6d00b671b,452d85b4332828631905192e3cb2367537a8407ee5175228551e8ef10624b72c,410ef56d7c5fc49d217b57ab8dd14326fdb88e14dda7585ef897a7793da037ad,01aa7d6,strict Python dispatch,float64-int64,0.1426148149994333,0.10524839099980454,7,1,436462,86404168,3,771880,57926470,3
before,openmp,4,M,mphtxt,volume,257250,9119487,afed49307635dc8db33dd638d2a1d651bcf556b4f4aea8c0dde9fc03e9f11a08,2f9e46f2dd4e2f8ceaacaf4c4e1b7582db1aa84a545b0ed30d633afd03c63f51,410ef56d7c5fc49d217b57ab8dd14326fdb88e14dda7585ef897a7793da037ad,01aa7d6,strict Python dispatch,float64-int64,0.046436313000413065,0.07613721800044004,7,1,132243,53998642,3,60,34810804,3
before,openmp,4,M,nastran,volume,257250,19235617,03e82f820a7a9e0ad28afcb0a4add8e753d08f858ef4854e86b0a808b92963a6,7ebad2d03334958bd26aab569ecaef1ee4ddddd2fa15f4f6dad27ca54c92ca35,410ef56d7c5fc49d217b57ab8dd14326fdb88e14dda7585ef897a7793da037ad,01aa7d6,strict Python dispatch,float64-int64,0.3819178359999569,0.6495309669999187,7,1,6171676,437985879,3,1273960,60081162,3
before,openmp,4,M,netgen,volume,257250,10197802,f3961efac8ce30e46173f0bbe46cc2a910724e4c565d3735587b57ad05b01eba,5fc66b086299aa634cd7ba12037104a3f58aa160bdfdbf3bb25e021c66780427,410ef56d7c5fc49d217b57ab8dd14326fdb88e14dda7585ef897a7793da037ad,01aa7d6,strict Python dispatch,float64-int64,0.0869129590000739,0.1174251730008109,7,1,1426323,131489540,3,257265,12356722,3
before,openmp,4,M,radioss,volume,257250,16432595,c5770d53599d3bd842a04d5f49f8cccdd352ee0909f3c67c2ae42ef6a7dedeba,043c6dad61b9b2c13a25464e7b560fe023929cbd368155a5340e5f3cedc7d4a4,410ef56d7c5fc49d217b57ab8dd14326fdb88e14dda7585ef897a7793da037ad,01aa7d6,strict Python dispatch,float64-int64,0.5301752730001681,0.6796569919997637,7,1,4882847,437594874,3,1682301,196907585,3
before,openmp,4,M,su2,volume,257250,9940077,2a49df5a03a10be8d31db0577204e6627445958b179f3ccb0b21f7cad811b38b,6c21b70214f99cd6349bdb664c02323d09026d22daac814bb8fc49ebfaf47289,410ef56d7c5fc49d217b57ab8dd14326fdb88e14dda7585ef897a7793da037ad,01aa7d6,strict Python dispatch,float64-int64,0.05256362599993736,0.12507046599966998,7,1,195,87452957,3,34,12886812,3
before,openmp,4,M,tecplot,volume,257250,8604743,ac59c8ffc6f0c40b59d86e65d6614b0a2234ca37439cc030bbb50584d6f6c299,532ce728e246a987153b3c13f1f8c54d0197df84c6b6a896e422190a30c1c04f,410ef56d7c5fc49d217b57ab8dd14326fdb88e14dda7585ef897a7793da037ad,01aa7d6,strict Python dispatch,float64-int64,0.12263422000069113,0.06736060799994448,7,1,257406,83578963,3,848,9332119,3
before,openmp,4,M,unv,volume,257250,31698294,ba0e93253423934f2c36b233352457e2e6ced3fc2224e5522205082c05105e13,9f261c43cd69e59870163253f7fb5fdabdc97fa5383fe8b7f47719c55b3edabc,410ef56d7c5fc49d217b57ab8dd14326fdb88e14dda7585ef897a7793da037ad,01aa7d6,strict Python dispatch,float64-int64,0.22501817299962568,0.29920994300027814,7,1,5494449,273918098,3,14,2440020,3
before,openmp,4,L,ansys,volume,998250,44508151,35e720a591a3556a64802ecbe280b9d9edf901de0ecf2e8c494b080b5f2d7399,f9206619e8bad1af37135672a702e3214e5f389faa946f48d518755ee739d657,410ef56d7c5fc49d217b57ab8dd14326fdb88e14dda7585ef897a7793da037ad,01aa7d6,strict Python dispatch,float64-int64,3.4483996859999024,1.3470415510000748,7,1,25065419,1591601269,3,34133240,2448169947,3
before,openmp,4,L,code_aster,volume,998250,50743686,5d111f8c8b0188ad332ec66a79ceec5a028f4d928c7a79d6dde29c35c5f6f448,a6c1ab90618909845d63861225b578fa46d8de677758f5e8215762e030f0315f,410ef56d7c5fc49d217b57ab8dd14326fdb88e14dda7585ef897a7793da037ad,01aa7d6,strict Python dispatch,float64-int64,1.7333395240002574,0.3477442380008142,7,1,8448317,1801368655,3,526883,137955416,3
before,openmp,4,L,elmer,volume,998250,50202237,580db4bbe523ae2578ff0077310f821a0c826c6f5b44f06e6322db60b52dbbc5,6cee3c0b05471e6a183115a6be6c6932d2cc191031e4d327c3863846ffff833a,410ef56d7c5fc49d217b57ab8dd14326fdb88e14dda7585ef897a7793da037ad,01aa7d6,strict Python dispatch,float64-int64,0.7015178330002527,0.4017883799997435,7,1,1682288,342437112,3,2994884,229335898,3
before,openmp,4,L,mphtxt,volume,998250,37687784,0e9d1172a6523de989eb9f7ae504a2d9e36d295244b84096a0033a2957f9b7f1,9918137ab181995ba5b6ae1e3509ba4f5594c201ba353e3c2ae2debafe254c56,410ef56d7c5fc49d217b57ab8dd14326fdb88e14dda7585ef897a7793da037ad,01aa7d6,strict Python dispatch,float64-int64,0.20758888099953765,0.29768963799961057,7,1,508075,176097564,3,62,138815646,3
before,openmp,4,L,nastran,volume,998250,74110697,a5dacec14a9a183c623c1d1419fd6bed62659dfdbb21226dcc22c2d7464f1d9d,c02213b0d99a00371d3f25a3a5532481754e4dd7e619ffdc48245579b27601b9,410ef56d7c5fc49d217b57ab8dd14326fdb88e14dda7585ef897a7793da037ad,01aa7d6,strict Python dispatch,float64-int64,1.5605220910001663,2.502917269000136,7,1,23828820,1703386255,3,4962040,233691642,3
before,openmp,4,L,netgen,volume,998250,41575371,e93f275dc5893c4d59b7d4b155f6b30506979681178e196e734705c02b875146,0dde3ddd8d3ba3ed2d44551357e05edb6a33d8ff0c82a07ec8d6c632a37b3113,410ef56d7c5fc49d217b57ab8dd14326fdb88e14dda7585ef897a7793da037ad,01aa7d6,strict Python dispatch,float64-int64,0.3350219800004197,0.45152505900023243,7,1,5518201,473771763,3,998265,47924722,3
before,openmp,4,L,radioss,volume,998250,63379755,246f1ec29a86f679e381965aef3bfc01d84feebdb2f5d8e0be7277ac98ed6350,7924a3ada46043a30ca4f095f4a6fc5afb7c5d14345968a64764d0fe5505b7fa,410ef56d7c5fc49d217b57ab8dd14326fdb88e14dda7585ef897a7793da037ad,01aa7d6,strict Python dispatch,float64-int64,2.1596866099998806,2.728754798000409,7,1,19246180,1664950937,3,6505061,777724035,3
before,openmp,4,L,su2,volume,998250,40576622,8c310f8407045ab04ad19739ec837bbe210243932cfd2a7f535d8416ffedbf49,782a843f88ecf881b105074a9f376e857bfb52b9ed3bdafb72a262026da03753,410ef56d7c5fc49d217b57ab8dd14326fdb88e14dda7585ef897a7793da037ad,01aa7d6,strict Python dispatch,float64-int64,0.2103043119996073,0.47741726000003837,7,1,201,308005769,3,36,50940316,3
before,openmp,4,L,tecplot,volume,998250,35691064,a742c38dd2898c6063e4f7f8f34ebbe183321b8068b394aae992f49ccb71d68e,cf23317d0c7c5c1c9013cc59c7f606dad1823978dc78af4b24468b3a8e924121,410ef56d7c5fc49d217b57ab8dd14326fdb88e14dda7585ef897a7793da037ad,01aa7d6,strict Python dispatch,float64-int64,0.6048466940001163,0.26239966599951003,7,1,998402,228623961,3,2329,27819606,3
before,openmp,4,L,unv,volume,998250,122368614,9f24a063b5af613dc1fea36fe42e4b17b8f3b4c041f3cc41f47982f0935e3b6f,867f496e8f8a04adabf09bb2a0fcbb9d58fe4cde88998eb8719ea04b5931e503,410ef56d7c5fc49d217b57ab8dd14326fdb88e14dda7585ef897a7793da037ad,01aa7d6,strict Python dispatch,float64-int64,0.8938202839999576,1.2220067700000072,7,1,21249943,1067622642,3,14,9399700,3
after,openmp,4,M,ansys,volume,257250,11557105,0bc5452802686eb927bea812dd40cf0ec17f410f8af8a8a1b8994341d1d72e2e,f4b4c5e254ee316602f5650092c3ed6f86b6bec4ffff37362e02e22ad0ceeda1,455536c75734e4266b077477fe470002981a4f6f03fb5d6ea2e19ef415bf85ef,01aa7d6+hoist-diff,strict Python dispatch,float64-int64,0.7562027670001044,0.33675243000016053,7,1,6475609,418673797,3,8823212,631886223,3
after,openmp,4,M,code_aster,volume,257250,12459781,74053d41526052f8f6f97d3b463338efd8742a3d049c0d8936a13233074f99f4,10abc12dd13ca22319e89dd1b9ad612dfa83fddc80cf1117e9ac35838c35aaa9,455536c75734e4266b077477fe470002981a4f6f03fb5d6ea2e19ef415bf85ef,01aa7d6+hoist-diff,strict Python dispatch,float64-int64,0.3502448949993777,0.08796064599937381,7,1,2196869,468274973,3,140001,34685334,3
after,openmp,4,M,elmer,volume,257250,12246660,84bf7321fa6b46a170179baa93305283d4f63fd86dfe3c774cca28a6d00b671b,452d85b4332828631905192e3cb2367537a8407ee5175228551e8ef10624b72c,455536c75734e4266b077477fe470002981a4f6f03fb5d6ea2e19ef415bf85ef,01aa7d6+hoist-diff,strict Python dispatch,float64-int64,0.13791081099952862,0.10317677900002309,7,1,436462,86404168,3,771880,57926470,3
after,openmp,4,M,mphtxt,volume,257250,9119487,afed49307635dc8db33dd638d2a1d651bcf556b4f4aea8c0dde9fc03e9f11a08,2f9e46f2dd4e2f8ceaacaf4c4e1b7582db1aa84a545b0ed30d633afd03c63f51,455536c75734e4266b077477fe470002981a4f6f03fb5d6ea2e19ef415bf85ef,01aa7d6+hoist-diff,strict Python dispatch,float64-int64,0.04245633099981205,0.0707116829998995,7,1,132243,53998642,3,60,34810804,3
after,openmp,4,M,nastran,volume,257250,19235617,03e82f820a7a9e0ad28afcb0a4add8e753d08f858ef4854e86b0a808b92963a6,7ebad2d03334958bd26aab569ecaef1ee4ddddd2fa15f4f6dad27ca54c92ca35,455536c75734e4266b077477fe470002981a4f6f03fb5d6ea2e19ef415bf85ef,01aa7d6+hoist-diff,strict Python dispatch,float64-int64,0.3870262629998251,0.64147425200008,7,1,6171676,437985879,3,1273960,60081162,3
after,openmp,4,M,netgen,volume,257250,10197802,f3961efac8ce30e46173f0bbe46cc2a910724e4c565d3735587b57ad05b01eba,5fc66b086299aa634cd7ba12037104a3f58aa160bdfdbf3bb25e021c66780427,455536c75734e4266b077477fe470002981a4f6f03fb5d6ea2e19ef415bf85ef,01aa7d6+hoist-diff,strict Python dispatch,float64-int64,0.08536498800003756,0.1142227450000064,7,1,1426323,131489540,3,257265,12356722,3
after,openmp,4,M,radioss,volume,257250,16432595,c5770d53599d3bd842a04d5f49f8cccdd352ee0909f3c67c2ae42ef6a7dedeba,043c6dad61b9b2c13a25464e7b560fe023929cbd368155a5340e5f3cedc7d4a4,455536c75734e4266b077477fe470002981a4f6f03fb5d6ea2e19ef415bf85ef,01aa7d6+hoist-diff,strict Python dispatch,float64-int64,0.5240719610001179,0.6724499609999839,7,1,4882847,437594874,3,1682302,196907625,3
after,openmp,4,M,su2,volume,257250,9940077,2a49df5a03a10be8d31db0577204e6627445958b179f3ccb0b21f7cad811b38b,6c21b70214f99cd6349bdb664c02323d09026d22daac814bb8fc49ebfaf47289,455536c75734e4266b077477fe470002981a4f6f03fb5d6ea2e19ef415bf85ef,01aa7d6+hoist-diff,strict Python dispatch,float64-int64,0.05183272500016756,0.12443385699953069,7,1,195,87452957,3,36,12886892,3
after,openmp,4,M,tecplot,volume,257250,8604743,ac59c8ffc6f0c40b59d86e65d6614b0a2234ca37439cc030bbb50584d6f6c299,532ce728e246a987153b3c13f1f8c54d0197df84c6b6a896e422190a30c1c04f,455536c75734e4266b077477fe470002981a4f6f03fb5d6ea2e19ef415bf85ef,01aa7d6+hoist-diff,strict Python dispatch,float64-int64,0.12651910500062513,0.0666425170002185,7,1,257406,83578963,3,848,9332119,3
after,openmp,4,M,unv,volume,257250,31698294,ba0e93253423934f2c36b233352457e2e6ced3fc2224e5522205082c05105e13,9f261c43cd69e59870163253f7fb5fdabdc97fa5383fe8b7f47719c55b3edabc,455536c75734e4266b077477fe470002981a4f6f03fb5d6ea2e19ef415bf85ef,01aa7d6+hoist-diff,strict Python dispatch,float64-int64,0.223253819999627,0.30219283400037966,7,1,5494449,273918098,3,14,2440020,3
after,openmp,4,L,ansys,volume,998250,44508151,35e720a591a3556a64802ecbe280b9d9edf901de0ecf2e8c494b080b5f2d7399,f9206619e8bad1af37135672a702e3214e5f389faa946f48d518755ee739d657,455536c75734e4266b077477fe470002981a4f6f03fb5d6ea2e19ef415bf85ef,01aa7d6+hoist-diff,strict Python dispatch,float64-int64,3.5146592239998427,1.3622628189996249,7,1,25065419,1591601269,3,34133241,2448169987,3
after,openmp,4,L,code_aster,volume,998250,50743686,5d111f8c8b0188ad332ec66a79ceec5a028f4d928c7a79d6dde29c35c5f6f448,a6c1ab90618909845d63861225b578fa46d8de677758f5e8215762e030f0315f,455536c75734e4266b077477fe470002981a4f6f03fb5d6ea2e19ef415bf85ef,01aa7d6+hoist-diff,strict Python dispatch,float64-int64,1.7917662439995183,0.33911717499995575,7,1,8448317,1801368655,3,526883,137955416,3
after,openmp,4,L,elmer,volume,998250,50202237,580db4bbe523ae2578ff0077310f821a0c826c6f5b44f06e6322db60b52dbbc5,6cee3c0b05471e6a183115a6be6c6932d2cc191031e4d327c3863846ffff833a,455536c75734e4266b077477fe470002981a4f6f03fb5d6ea2e19ef415bf85ef,01aa7d6+hoist-diff,strict Python dispatch,float64-int64,0.6520760809999047,0.41591434400015714,7,1,1682288,342437112,3,2994884,229335898,3
after,openmp,4,L,mphtxt,volume,998250,37687784,0e9d1172a6523de989eb9f7ae504a2d9e36d295244b84096a0033a2957f9b7f1,9918137ab181995ba5b6ae1e3509ba4f5594c201ba353e3c2ae2debafe254c56,455536c75734e4266b077477fe470002981a4f6f03fb5d6ea2e19ef415bf85ef,01aa7d6+hoist-diff,strict Python dispatch,float64-int64,0.19785409399992204,0.26827462399978685,7,1,508075,176097564,3,62,138815646,3
after,openmp,4,L,nastran,volume,998250,74110697,a5dacec14a9a183c623c1d1419fd6bed62659dfdbb21226dcc22c2d7464f1d9d,c02213b0d99a00371d3f25a3a5532481754e4dd7e619ffdc48245579b27601b9,455536c75734e4266b077477fe470002981a4f6f03fb5d6ea2e19ef415bf85ef,01aa7d6+hoist-diff,strict Python dispatch,float64-int64,1.574561716000062,2.5750122789995658,7,1,23828820,1703386255,3,4962040,233691642,3
after,openmp,4,L,netgen,volume,998250,41575371,e93f275dc5893c4d59b7d4b155f6b30506979681178e196e734705c02b875146,0dde3ddd8d3ba3ed2d44551357e05edb6a33d8ff0c82a07ec8d6c632a37b3113,455536c75734e4266b077477fe470002981a4f6f03fb5d6ea2e19ef415bf85ef,01aa7d6+hoist-diff,strict Python dispatch,float64-int64,0.34921348499938176,0.4452929819999554,7,1,5518201,473771763,3,998265,47924722,3
after,openmp,4,L,radioss,volume,998250,63379755,246f1ec29a86f679e381965aef3bfc01d84feebdb2f5d8e0be7277ac98ed6350,7924a3ada46043a30ca4f095f4a6fc5afb7c5d14345968a64764d0fe5505b7fa,455536c75734e4266b077477fe470002981a4f6f03fb5d6ea2e19ef415bf85ef,01aa7d6+hoist-diff,strict Python dispatch,float64-int64,2.1823407920001046,2.715599961999942,7,1,19246180,1664950937,3,6505062,777724075,3
after,openmp,4,L,su2,volume,998250,40576622,8c310f8407045ab04ad19739ec837bbe210243932cfd2a7f535d8416ffedbf49,782a843f88ecf881b105074a9f376e857bfb52b9ed3bdafb72a262026da03753,455536c75734e4266b077477fe470002981a4f6f03fb5d6ea2e19ef415bf85ef,01aa7d6+hoist-diff,strict Python dispatch,float64-int64,0.20900561500002368,0.4802132939994408,7,1,201,308005769,3,38,50940396,3
after,openmp,4,L,tecplot,volume,998250,35691064,a742c38dd2898c6063e4f7f8f34ebbe183321b8068b394aae992f49ccb71d68e,cf23317d0c7c5c1c9013cc59c7f606dad1823978dc78af4b24468b3a8e924121,455536c75734e4266b077477fe470002981a4f6f03fb5d6ea2e19ef415bf85ef,01aa7d6+hoist-diff,strict Python dispatch,float64-int64,0.6130106310001793,0.2663779569993494,7,1,998402,228623961,3,2329,27819606,3
after,openmp,4,L,unv,volume,998250,122368614,9f24a063b5af613dc1fea36fe42e4b17b8f3b4c041f3cc41f47982f0935e3b6f,867f496e8f8a04adabf09bb2a0fcbb9d58fe4cde88998eb8719ea04b5931e503,455536c75734e4266b077477fe470002981a4f6f03fb5d6ea2e19ef415bf85ef,01aa7d6+hoist-diff,strict Python dispatch,float64-int64,0.8917216580002787,1.2073467000000164,7,1,21249943,1067622642,3,14,9399700,3
before,openmp,8,M,ansys,volume,257250,11557105,0bc5452802686eb927bea812dd40cf0ec17f410f8af8a8a1b8994341d1d72e2e,f4b4c5e254ee316602f5650092c3ed6f86b6bec4ffff37362e02e22ad0ceeda1,410ef56d7c5fc49d217b57ab8dd14326fdb88e14dda7585ef897a7793da037ad,01aa7d6,strict Python dispatch,float64-int64,0.7715167740007018,0.33882359999915934,7,1,6475609,418673797,3,8823343,633382951,3
before,openmp,8,M,code_aster,volume,257250,12459781,74053d41526052f8f6f97d3b463338efd8742a3d049c0d8936a13233074f99f4,10abc12dd13ca22319e89dd1b9ad612dfa83fddc80cf1117e9ac35838c35aaa9,410ef56d7c5fc49d217b57ab8dd14326fdb88e14dda7585ef897a7793da037ad,01aa7d6,strict Python dispatch,float64-int64,0.37524245800159406,0.09465018000082637,7,1,2196869,468274973,3,140001,34685334,3
before,openmp,8,M,elmer,volume,257250,12246660,84bf7321fa6b46a170179baa93305283d4f63fd86dfe3c774cca28a6d00b671b,452d85b4332828631905192e3cb2367537a8407ee5175228551e8ef10624b72c,410ef56d7c5fc49d217b57ab8dd14326fdb88e14dda7585ef897a7793da037ad,01aa7d6,strict Python dispatch,float64-int64,0.143282288001501,0.10312297200107423,7,1,436462,86404168,3,771880,57926470,3
before,openmp,8,M,mphtxt,volume,257250,9119487,afed49307635dc8db33dd638d2a1d651bcf556b4f4aea8c0dde9fc03e9f11a08,2f9e46f2dd4e2f8ceaacaf4c4e1b7582db1aa84a545b0ed30d633afd03c63f51,410ef56d7c5fc49d217b57ab8dd14326fdb88e14dda7585ef897a7793da037ad,01aa7d6,strict Python dispatch,float64-int64,0.04674700400028087,0.07650841699978628,7,1,132243,53998642,3,60,34810804,3
before,openmp,8,M,nastran,volume,257250,19235617,03e82f820a7a9e0ad28afcb0a4add8e753d08f858ef4854e86b0a808b92963a6,7ebad2d03334958bd26aab569ecaef1ee4ddddd2fa15f4f6dad27ca54c92ca35,410ef56d7c5fc49d217b57ab8dd14326fdb88e14dda7585ef897a7793da037ad,01aa7d6,strict Python dispatch,float64-int64,0.389309657000922,0.6449481590007053,7,1,6171676,437985879,3,1273960,60081162,3
before,openmp,8,M,netgen,volume,257250,10197802,f3961efac8ce30e46173f0bbe46cc2a910724e4c565d3735587b57ad05b01eba,5fc66b086299aa634cd7ba12037104a3f58aa160bdfdbf3bb25e021c66780427,410ef56d7c5fc49d217b57ab8dd14326fdb88e14dda7585ef897a7793da037ad,01aa7d6,strict Python dispatch,float64-int64,0.08729435500026739,0.11483237500033283,7,1,1426323,131489540,3,257265,12356722,3
before,openmp,8,M,radioss,volume,257250,16432595,c5770d53599d3bd842a04d5f49f8cccdd352ee0909f3c67c2ae42ef6a7dedeba,043c6dad61b9b2c13a25464e7b560fe023929cbd368155a5340e5f3cedc7d4a4,410ef56d7c5fc49d217b57ab8dd14326fdb88e14dda7585ef897a7793da037ad,01aa7d6,strict Python dispatch,float64-int64,0.5435204349996638,0.6711519370001042,7,1,4882847,437594874,3,1682301,196907585,3
before,openmp,8,M,su2,volume,257250,9940077,2a49df5a03a10be8d31db0577204e6627445958b179f3ccb0b21f7cad811b38b,6c21b70214f99cd6349bdb664c02323d09026d22daac814bb8fc49ebfaf47289,410ef56d7c5fc49d217b57ab8dd14326fdb88e14dda7585ef897a7793da037ad,01aa7d6,strict Python dispatch,float64-int64,0.05074875299942505,0.12477183400005742,7,1,195,87452957,3,34,12886812,3
before,openmp,8,M,tecplot,volume,257250,8604743,ac59c8ffc6f0c40b59d86e65d6614b0a2234ca37439cc030bbb50584d6f6c299,532ce728e246a987153b3c13f1f8c54d0197df84c6b6a896e422190a30c1c04f,410ef56d7c5fc49d217b57ab8dd14326fdb88e14dda7585ef897a7793da037ad,01aa7d6,strict Python dispatch,float64-int64,0.12386983499891357,0.06687183300164179,7,1,257406,83578963,3,848,9332119,3
before,openmp,8,M,unv,volume,257250,31698294,ba0e93253423934f2c36b233352457e2e6ced3fc2224e5522205082c05105e13,9f261c43cd69e59870163253f7fb5fdabdc97fa5383fe8b7f47719c55b3edabc,410ef56d7c5fc49d217b57ab8dd14326fdb88e14dda7585ef897a7793da037ad,01aa7d6,strict Python dispatch,float64-int64,0.23709510800108546,0.31041536000157066,7,1,5494449,273918098,3,14,2440020,3
before,openmp,8,L,ansys,volume,998250,44508151,35e720a591a3556a64802ecbe280b9d9edf901de0ecf2e8c494b080b5f2d7399,f9206619e8bad1af37135672a702e3214e5f389faa946f48d518755ee739d657,410ef56d7c5fc49d217b57ab8dd14326fdb88e14dda7585ef897a7793da037ad,01aa7d6,strict Python dispatch,float64-int64,3.53896219499984,1.4739708809993317,7,1,25065419,1591601269,3,34133372,2453793435,3
before,openmp,8,L,code_aster,volume,998250,50743686,5d111f8c8b0188ad332ec66a79ceec5a028f4d928c7a79d6dde29c35c5f6f448,a6c1ab90618909845d63861225b578fa46d8de677758f5e8215762e030f0315f,410ef56d7c5fc49d217b57ab8dd14326fdb88e14dda7585ef897a7793da037ad,01aa7d6,strict Python dispatch,float64-int64,1.867459625000265,0.3497482040002069,7,1,8448317,1801368655,3,526883,137955416,3
before,openmp,8,L,elmer,volume,998250,50202237,580db4bbe523ae2578ff0077310f821a0c826c6f5b44f06e6322db60b52dbbc5,6cee3c0b05471e6a183115a6be6c6932d2cc191031e4d327c3863846ffff833a,410ef56d7c5fc49d217b57ab8dd14326fdb88e14dda7585ef897a7793da037ad,01aa7d6,strict Python dispatch,float64-int64,0.7116940420000901,0.425688336001258,7,1,1682288,342437112,3,2994884,229335898,3
before,openmp,8,L,mphtxt,volume,998250,37687784,0e9d1172a6523de989eb9f7ae504a2d9e36d295244b84096a0033a2957f9b7f1,9918137ab181995ba5b6ae1e3509ba4f5594c201ba353e3c2ae2debafe254c56,410ef56d7c5fc49d217b57ab8dd14326fdb88e14dda7585ef897a7793da037ad,01aa7d6,strict Python dispatch,float64-int64,0.2096363589989778,0.2991785889989842,7,1,508075,176097564,3,62,138815646,3
before,openmp,8,L,nastran,volume,998250,74110697,a5dacec14a9a183c623c1d1419fd6bed62659dfdbb21226dcc22c2d7464f1d9d,c02213b0d99a00371d3f25a3a5532481754e4dd7e619ffdc48245579b27601b9,410ef56d7c5fc49d217b57ab8dd14326fdb88e14dda7585ef897a7793da037ad,01aa7d6,strict Python dispatch,float64-int64,1.5567463399984263,2.584954543999629,7,1,23828820,1703386255,3,4962040,233691642,3
before,openmp,8,L,netgen,volume,998250,41575371,e93f275dc5893c4d59b7d4b155f6b30506979681178e196e734705c02b875146,0dde3ddd8d3ba3ed2d44551357e05edb6a33d8ff0c82a07ec8d6c632a37b3113,410ef56d7c5fc49d217b57ab8dd14326fdb88e14dda7585ef897a7793da037ad,01aa7d6,strict Python dispatch,float64-int64,0.36344936800014693,0.48388019100093516,7,1,5518201,473771763,3,998265,47924722,3
before,openmp,8,L,radioss,volume,998250,63379755,246f1ec29a86f679e381965aef3bfc01d84feebdb2f5d8e0be7277ac98ed6350,7924a3ada46043a30ca4f095f4a6fc5afb7c5d14345968a64764d0fe5505b7fa,410ef56d7c5fc49d217b57ab8dd14326fdb88e14dda7585ef897a7793da037ad,01aa7d6,strict Python dispatch,float64-int64,2.2117267249996075,2.7210749339992617,7,1,19246180,1664950937,3,6505061,777724035,3
before,openmp,8,L,su2,volume,998250,40576622,8c310f8407045ab04ad19739ec837bbe210243932cfd2a7f535d8416ffedbf49,782a843f88ecf881b105074a9f376e857bfb52b9ed3bdafb72a262026da03753,410ef56d7c5fc49d217b57ab8dd14326fdb88e14dda7585ef897a7793da037ad,01aa7d6,strict Python dispatch,float64-int64,0.2156773360002262,0.4833992549993127,7,1,201,308005769,3,36,50940316,3
before,openmp,8,L,tecplot,volume,998250,35691064,a742c38dd2898c6063e4f7f8f34ebbe183321b8068b394aae992f49ccb71d68e,cf23317d0c7c5c1c9013cc59c7f606dad1823978dc78af4b24468b3a8e924121,410ef56d7c5fc49d217b57ab8dd14326fdb88e14dda7585ef897a7793da037ad,01aa7d6,strict Python dispatch,float64-int64,0.574509209000098,0.25699811599952227,7,1,998402,228623961,3,2329,27819606,3
before,openmp,8,L,unv,volume,998250,122368614,9f24a063b5af613dc1fea36fe42e4b17b8f3b4c041f3cc41f47982f0935e3b6f,867f496e8f8a04adabf09bb2a0fcbb9d58fe4cde88998eb8719ea04b5931e503,410ef56d7c5fc49d217b57ab8dd14326fdb88e14dda7585ef897a7793da037ad,01aa7d6,strict Python dispatch,float64-int64,0.8803760970004078,1.2016218310000113,7,1,21249943,1067622642,3,14,9399700,3
after,openmp,8,M,ansys,volume,257250,11557105,0bc5452802686eb927bea812dd40cf0ec17f410f8af8a8a1b8994341d1d72e2e,f4b4c5e254ee316602f5650092c3ed6f86b6bec4ffff37362e02e22ad0ceeda1,455536c75734e4266b077477fe470002981a4f6f03fb5d6ea2e19ef415bf85ef,01aa7d6+hoist-diff,strict Python dispatch,float64-int64,0.783540535998327,0.33371359599914285,7,1,6475609,418673797,3,8823333,633382679,3
after,openmp,8,M,code_aster,volume,257250,12459781,74053d41526052f8f6f97d3b463338efd8742a3d049c0d8936a13233074f99f4,10abc12dd13ca22319e89dd1b9ad612dfa83fddc80cf1117e9ac35838c35aaa9,455536c75734e4266b077477fe470002981a4f6f03fb5d6ea2e19ef415bf85ef,01aa7d6+hoist-diff,strict Python dispatch,float64-int64,0.38203534499916714,0.09443841200118186,7,1,2196869,468274973,3,140001,34685334,3
after,openmp,8,M,elmer,volume,257250,12246660,84bf7321fa6b46a170179baa93305283d4f63fd86dfe3c774cca28a6d00b671b,452d85b4332828631905192e3cb2367537a8407ee5175228551e8ef10624b72c,455536c75734e4266b077477fe470002981a4f6f03fb5d6ea2e19ef415bf85ef,01aa7d6+hoist-diff,strict Python dispatch,float64-int64,0.1551663610007381,0.10906482500104175,7,1,436462,86404168,3,771880,57926470,3
after,openmp,8,M,mphtxt,volume,257250,9119487,afed49307635dc8db33dd638d2a1d651bcf556b4f4aea8c0dde9fc03e9f11a08,2f9e46f2dd4e2f8ceaacaf4c4e1b7582db1aa84a545b0ed30d633afd03c63f51,455536c75734e4266b077477fe470002981a4f6f03fb5d6ea2e19ef415bf85ef,01aa7d6+hoist-diff,strict Python dispatch,float64-int64,0.046609007998995367,0.07632299200122361,7,1,132243,53998642,3,60,34810804,3
after,openmp,8,M,nastran,volume,257250,19235617,03e82f820a7a9e0ad28afcb0a4add8e753d08f858ef4854e86b0a808b92963a6,7ebad2d03334958bd26aab569ecaef1ee4ddddd2fa15f4f6dad27ca54c92ca35,455536c75734e4266b077477fe470002981a4f6f03fb5d6ea2e19ef415bf85ef,01aa7d6+hoist-diff,strict Python dispatch,float64-int64,0.3852535280002485,0.7077287740012252,7,1,6171676,437985879,3,1273960,60081162,3
after,openmp,8,M,netgen,volume,257250,10197802,f3961efac8ce30e46173f0bbe46cc2a910724e4c565d3735587b57ad05b01eba,5fc66b086299aa634cd7ba12037104a3f58aa160bdfdbf3bb25e021c66780427,455536c75734e4266b077477fe470002981a4f6f03fb5d6ea2e19ef415bf85ef,01aa7d6+hoist-diff,strict Python dispatch,float64-int64,0.08552334500018333,0.1149119330002577,7,1,1426323,131489540,3,257265,12356722,3
after,openmp,8,M,radioss,volume,257250,16432595,c5770d53599d3bd842a04d5f49f8cccdd352ee0909f3c67c2ae42ef6a7dedeba,043c6dad61b9b2c13a25464e7b560fe023929cbd368155a5340e5f3cedc7d4a4,455536c75734e4266b077477fe470002981a4f6f03fb5d6ea2e19ef415bf85ef,01aa7d6+hoist-diff,strict Python dispatch,float64-int64,0.5555390360004822,0.6621946150007716,7,1,4882847,437594874,3,1682302,196907625,3
after,openmp,8,M,su2,volume,257250,9940077,2a49df5a03a10be8d31db0577204e6627445958b179f3ccb0b21f7cad811b38b,6c21b70214f99cd6349bdb664c02323d09026d22daac814bb8fc49ebfaf47289,455536c75734e4266b077477fe470002981a4f6f03fb5d6ea2e19ef415bf85ef,01aa7d6+hoist-diff,strict Python dispatch,float64-int64,0.050821370001358446,0.1285451200001262,7,1,195,87452957,3,36,12886892,3
after,openmp,8,M,tecplot,volume,257250,8604743,ac59c8ffc6f0c40b59d86e65d6614b0a2234ca37439cc030bbb50584d6f6c299,532ce728e246a987153b3c13f1f8c54d0197df84c6b6a896e422190a30c1c04f,455536c75734e4266b077477fe470002981a4f6f03fb5d6ea2e19ef415bf85ef,01aa7d6+hoist-diff,strict Python dispatch,float64-int64,0.13244962000135274,0.06974597100088431,7,1,257406,83578963,3,848,9332119,3
after,openmp,8,M,unv,volume,257250,31698294,ba0e93253423934f2c36b233352457e2e6ced3fc2224e5522205082c05105e13,9f261c43cd69e59870163253f7fb5fdabdc97fa5383fe8b7f47719c55b3edabc,455536c75734e4266b077477fe470002981a4f6f03fb5d6ea2e19ef415bf85ef,01aa7d6+hoist-diff,strict Python dispatch,float64-int64,0.23067608900055347,0.31757264400039276,7,1,5494449,273918098,3,14,2440020,3
after,openmp,8,L,ansys,volume,998250,44508151,35e720a591a3556a64802ecbe280b9d9edf901de0ecf2e8c494b080b5f2d7399,f9206619e8bad1af37135672a702e3214e5f389faa946f48d518755ee739d657,455536c75734e4266b077477fe470002981a4f6f03fb5d6ea2e19ef415bf85ef,01aa7d6+hoist-diff,strict Python dispatch,float64-int64,3.6690062549987488,1.3256195500016474,7,1,25065419,1591601269,3,34133373,2453793475,3
after,openmp,8,L,code_aster,volume,998250,50743686,5d111f8c8b0188ad332ec66a79ceec5a028f4d928c7a79d6dde29c35c5f6f448,a6c1ab90618909845d63861225b578fa46d8de677758f5e8215762e030f0315f,455536c75734e4266b077477fe470002981a4f6f03fb5d6ea2e19ef415bf85ef,01aa7d6+hoist-diff,strict Python dispatch,float64-int64,1.7591400679993967,0.35010520400101086,7,1,8448317,1801368655,3,526883,137955416,3
after,openmp,8,L,elmer,volume,998250,50202237,580db4bbe523ae2578ff0077310f821a0c826c6f5b44f06e6322db60b52dbbc5,6cee3c0b05471e6a183115a6be6c6932d2cc191031e4d327c3863846ffff833a,455536c75734e4266b077477fe470002981a4f6f03fb5d6ea2e19ef415bf85ef,01aa7d6+hoist-diff,strict Python dispatch,float64-int64,0.7013570929993875,0.4121711139996478,7,1,1682288,342437112,3,2994884,229335898,3
after,openmp,8,L,mphtxt,volume,998250,37687784,0e9d1172a6523de989eb9f7ae504a2d9e36d295244b84096a0033a2957f9b7f1,9918137ab181995ba5b6ae1e3509ba4f5594c201ba353e3c2ae2debafe254c56,455536c75734e4266b077477fe470002981a4f6f03fb5d6ea2e19ef415bf85ef,01aa7d6+hoist-diff,strict Python dispatch,float64-int64,0.2048982119995344,0.26902553100080695,7,1,508075,176097564,3,62,138815646,3
after,openmp,8,L,nastran,volume,998250,74110697,a5dacec14a9a183c623c1d1419fd6bed62659dfdbb21226dcc22c2d7464f1d9d,c02213b0d99a00371d3f25a3a5532481754e4dd7e619ffdc48245579b27601b9,455536c75734e4266b077477fe470002981a4f6f03fb5d6ea2e19ef415bf85ef,01aa7d6+hoist-diff,strict Python dispatch,float64-int64,1.5847684660002415,2.563808393999352,7,1,23828820,1703386255,3,4962040,233691642,3
after,openmp,8,L,netgen,volume,998250,41575371,e93f275dc5893c4d59b7d4b155f6b30506979681178e196e734705c02b875146,0dde3ddd8d3ba3ed2d44551357e05edb6a33d8ff0c82a07ec8d6c632a37b3113,455536c75734e4266b077477fe470002981a4f6f03fb5d6ea2e19ef415bf85ef,01aa7d6+hoist-diff,strict Python dispatch,float64-int64,0.3339018890001171,0.44789484899956733,7,1,5518201,473771763,3,998265,47924722,3
after,openmp,8,L,radioss,volume,998250,63379755,246f1ec29a86f679e381965aef3bfc01d84feebdb2f5d8e0be7277ac98ed6350,7924a3ada46043a30ca4f095f4a6fc5afb7c5d14345968a64764d0fe5505b7fa,455536c75734e4266b077477fe470002981a4f6f03fb5d6ea2e19ef415bf85ef,01aa7d6+hoist-diff,strict Python dispatch,float64-int64,2.1603133780008648,2.6737806719993387,7,1,19246180,1664950937,3,6505062,777724075,3
after,openmp,8,L,su2,volume,998250,40576622,8c310f8407045ab04ad19739ec837bbe210243932cfd2a7f535d8416ffedbf49,782a843f88ecf881b105074a9f376e857bfb52b9ed3bdafb72a262026da03753,455536c75734e4266b077477fe470002981a4f6f03fb5d6ea2e19ef415bf85ef,01aa7d6+hoist-diff,strict Python dispatch,float64-int64,0.21181531799993536,0.49268739900071523,7,1,201,308005769,3,38,50940396,3
after,openmp,8,L,tecplot,volume,998250,35691064,a742c38dd2898c6063e4f7f8f34ebbe183321b8068b394aae992f49ccb71d68e,cf23317d0c7c5c1c9013cc59c7f606dad1823978dc78af4b24468b3a8e924121,455536c75734e4266b077477fe470002981a4f6f03fb5d6ea2e19ef415bf85ef,01aa7d6+hoist-diff,strict Python dispatch,float64-int64,0.6067831620002835,0.26560703799987095,7,1,998402,228623961,3,2329,27819606,3
after,openmp,8,L,unv,volume,998250,122368614,9f24a063b5af613dc1fea36fe42e4b17b8f3b4c041f3cc41f47982f0935e3b6f,867f496e8f8a04adabf09bb2a0fcbb9d58fe4cde88998eb8719ea04b5931e503,455536c75734e4266b077477fe470002981a4f6f03fb5d6ea2e19ef415bf85ef,01aa7d6+hoist-diff,strict Python dispatch,float64-int64,0.8994319169996743,1.1912922949995846,7,1,21249943,1067622642,3,14,9399700,3
before,tbb,1,M,ansys,volume,257250,11557105,0bc5452802686eb927bea812dd40cf0ec17f410f8af8a8a1b8994341d1d72e2e,f4b4c5e254ee316602f5650092c3ed6f86b6bec4ffff37362e02e22ad0ceeda1,d74c328b759f2fdde75d35d81470fccfc7d7e1aeb8f106b943dc9823904bc2cb,01aa7d6,strict Python dispatch,float64-int64,0.7297596059997886,0.5956872780006961,7,1,6475609,418673797,3,8823209,630393135,3
before,tbb,1,M,code_aster,volume,257250,12459781,74053d41526052f8f6f97d3b463338efd8742a3d049c0d8936a13233074f99f4,10abc12dd13ca22319e89dd1b9ad612dfa83fddc80cf1117e9ac35838c35aaa9,d74c328b759f2fdde75d35d81470fccfc7d7e1aeb8f106b943dc9823904bc2cb,01aa7d6,strict Python dispatch,float64-int64,0.33608014099991124,0.08855830999891623,7,1,2196869,468274973,3,140001,34685334,3
before,tbb,1,M,elmer,volume,257250,12246660,84bf7321fa6b46a170179baa93305283d4f63fd86dfe3c774cca28a6d00b671b,452d85b4332828631905192e3cb2367537a8407ee5175228551e8ef10624b72c,d74c328b759f2fdde75d35d81470fccfc7d7e1aeb8f106b943dc9823904bc2cb,01aa7d6,strict Python dispatch,float64-int64,0.1405315829997562,0.10249429599934956,7,1,436462,86404168,3,771880,57926470,3
before,tbb,1,M,mphtxt,volume,257250,9119487,afed49307635dc8db33dd638d2a1d651bcf556b4f4aea8c0dde9fc03e9f11a08,2f9e46f2dd4e2f8ceaacaf4c4e1b7582db1aa84a545b0ed30d633afd03c63f51,d74c328b759f2fdde75d35d81470fccfc7d7e1aeb8f106b943dc9823904bc2cb,01aa7d6,strict Python dispatch,float64-int64,0.04176506699877791,0.06858227699922281,7,1,132243,53998642,3,60,34810804,3
before,tbb,1,M,nastran,volume,257250,19235617,03e82f820a7a9e0ad28afcb0a4add8e753d08f858ef4854e86b0a808b92963a6,7ebad2d03334958bd26aab569ecaef1ee4ddddd2fa15f4f6dad27ca54c92ca35,d74c328b759f2fdde75d35d81470fccfc7d7e1aeb8f106b943dc9823904bc2cb,01aa7d6,strict Python dispatch,float64-int64,0.39971946100013156,0.6707493060002889,7,1,6171676,437985879,3,1273960,60081162,3
before,tbb,1,M,netgen,volume,257250,10197802,f3961efac8ce30e46173f0bbe46cc2a910724e4c565d3735587b57ad05b01eba,5fc66b086299aa634cd7ba12037104a3f58aa160bdfdbf3bb25e021c66780427,d74c328b759f2fdde75d35d81470fccfc7d7e1aeb8f106b943dc9823904bc2cb,01aa7d6,strict Python dispatch,float64-int64,0.08712039000056393,0.11409871199975896,7,1,1426323,131489540,3,257265,12356722,3
before,tbb,1,M,radioss,volume,257250,16432595,c5770d53599d3bd842a04d5f49f8cccdd352ee0909f3c67c2ae42ef6a7dedeba,043c6dad61b9b2c13a25464e7b560fe023929cbd368155a5340e5f3cedc7d4a4,d74c328b759f2fdde75d35d81470fccfc7d7e1aeb8f106b943dc9823904bc2cb,01aa7d6,strict Python dispatch,float64-int64,0.5136842689989862,0.6649748319996434,7,1,4882847,437594874,3,1682301,196907585,3
before,tbb,1,M,su2,volume,257250,9940077,2a49df5a03a10be8d31db0577204e6627445958b179f3ccb0b21f7cad811b38b,6c21b70214f99cd6349bdb664c02323d09026d22daac814bb8fc49ebfaf47289,d74c328b759f2fdde75d35d81470fccfc7d7e1aeb8f106b943dc9823904bc2cb,01aa7d6,strict Python dispatch,float64-int64,0.04625884400047653,0.128677566000988,7,1,195,87452957,3,34,12886812,3
before,tbb,1,M,tecplot,volume,257250,8604743,ac59c8ffc6f0c40b59d86e65d6614b0a2234ca37439cc030bbb50584d6f6c299,532ce728e246a987153b3c13f1f8c54d0197df84c6b6a896e422190a30c1c04f,d74c328b759f2fdde75d35d81470fccfc7d7e1aeb8f106b943dc9823904bc2cb,01aa7d6,strict Python dispatch,float64-int64,0.12423321599999326,0.08558306399936555,7,1,257406,83578963,3,848,9332119,3
before,tbb,1,M,unv,volume,257250,31698294,ba0e93253423934f2c36b233352457e2e6ced3fc2224e5522205082c05105e13,9f261c43cd69e59870163253f7fb5fdabdc97fa5383fe8b7f47719c55b3edabc,d74c328b759f2fdde75d35d81470fccfc7d7e1aeb8f106b943dc9823904bc2cb,01aa7d6,strict Python dispatch,float64-int64,0.22737374600001203,0.3074134810012765,7,1,5494449,273918098,3,14,2440020,3
before,tbb,1,L,ansys,volume,998250,44508151,35e720a591a3556a64802ecbe280b9d9edf901de0ecf2e8c494b080b5f2d7399,f9206619e8bad1af37135672a702e3214e5f389faa946f48d518755ee739d657,d74c328b759f2fdde75d35d81470fccfc7d7e1aeb8f106b943dc9823904bc2cb,01aa7d6,strict Python dispatch,float64-int64,3.3197475519991713,2.4474807379992853,7,1,25065419,1591601269,3,34133238,2442550147,3
before,tbb,1,L,code_aster,volume,998250,50743686,5d111f8c8b0188ad332ec66a79ceec5a028f4d928c7a79d6dde29c35c5f6f448,a6c1ab90618909845d63861225b578fa46d8de677758f5e8215762e030f0315f,d74c328b759f2fdde75d35d81470fccfc7d7e1aeb8f106b943dc9823904bc2cb,01aa7d6,strict Python dispatch,float64-int64,1.6600575079992268,0.36440569600017625,7,1,8448317,1801368655,3,526883,137955416,3
before,tbb,1,L,elmer,volume,998250,50202237,580db4bbe523ae2578ff0077310f821a0c826c6f5b44f06e6322db60b52dbbc5,6cee3c0b05471e6a183115a6be6c6932d2cc191031e4d327c3863846ffff833a,d74c328b759f2fdde75d35d81470fccfc7d7e1aeb8f106b943dc9823904bc2cb,01aa7d6,strict Python dispatch,float64-int64,0.6736430030014162,0.4055047790006938,7,1,1682288,342437112,3,2994884,229335898,3
before,tbb,1,L,mphtxt,volume,998250,37687784,0e9d1172a6523de989eb9f7ae504a2d9e36d295244b84096a0033a2957f9b7f1,9918137ab181995ba5b6ae1e3509ba4f5594c201ba353e3c2ae2debafe254c56,d74c328b759f2fdde75d35d81470fccfc7d7e1aeb8f106b943dc9823904bc2cb,01aa7d6,strict Python dispatch,float64-int64,0.19635684400054743,0.2738857589993131,7,1,508075,176097564,3,62,138815646,3
before,tbb,1,L,nastran,volume,998250,74110697,a5dacec14a9a183c623c1d1419fd6bed62659dfdbb21226dcc22c2d7464f1d9d,c02213b0d99a00371d3f25a3a5532481754e4dd7e619ffdc48245579b27601b9,d74c328b759f2fdde75d35d81470fccfc7d7e1aeb8f106b943dc9823904bc2cb,01aa7d6,strict Python dispatch,float64-int64,1.566577163999682,2.584343161999641,7,1,23828820,1703386255,3,4962040,233691642,3
before,tbb,1,L,netgen,volume,998250,41575371,e93f275dc5893c4d59b7d4b155f6b30506979681178e196e734705c02b875146,0dde3ddd8d3ba3ed2d44551357e05edb6a33d8ff0c82a07ec8d6c632a37b3113,d74c328b759f2fdde75d35d81470fccfc7d7e1aeb8f106b943dc9823904bc2cb,01aa7d6,strict Python dispatch,float64-int64,0.3609601610005484,0.46816056400166417,7,1,5518201,473771763,3,998265,47924722,3
before,tbb,1,L,radioss,volume,998250,63379755,246f1ec29a86f679e381965aef3bfc01d84feebdb2f5d8e0be7277ac98ed6350,7924a3ada46043a30ca4f095f4a6fc5afb7c5d14345968a64764d0fe5505b7fa,d74c328b759f2fdde75d35d81470fccfc7d7e1aeb8f106b943dc9823904bc2cb,01aa7d6,strict Python dispatch,float64-int64,2.154315484000108,2.6809997910004313,7,1,19246180,1664950937,3,6505061,777724035,3
before,tbb,1,L,su2,volume,998250,40576622,8c310f8407045ab04ad19739ec837bbe210243932cfd2a7f535d8416ffedbf49,782a843f88ecf881b105074a9f376e857bfb52b9ed3bdafb72a262026da03753,d74c328b759f2fdde75d35d81470fccfc7d7e1aeb8f106b943dc9823904bc2cb,01aa7d6,strict Python dispatch,float64-int64,0.20526210900061415,0.5045417349992931,7,1,201,308005769,3,36,50940316,3
before,tbb,1,L,tecplot,volume,998250,35691064,a742c38dd2898c6063e4f7f8f34ebbe183321b8068b394aae992f49ccb71d68e,cf23317d0c7c5c1c9013cc59c7f606dad1823978dc78af4b24468b3a8e924121,d74c328b759f2fdde75d35d81470fccfc7d7e1aeb8f106b943dc9823904bc2cb,01aa7d6,strict Python dispatch,float64-int64,0.6663270490007562,0.3390709319992311,7,1,998402,228623961,3,2329,27819606,3
before,tbb,1,L,unv,volume,998250,122368614,9f24a063b5af613dc1fea36fe42e4b17b8f3b4c041f3cc41f47982f0935e3b6f,867f496e8f8a04adabf09bb2a0fcbb9d58fe4cde88998eb8719ea04b5931e503,d74c328b759f2fdde75d35d81470fccfc7d7e1aeb8f106b943dc9823904bc2cb,01aa7d6,strict Python dispatch,float64-int64,0.8913966019990767,1.2837756900007662,7,1,21249943,1067622642,3,14,9399700,3
after,tbb,1,M,ansys,volume,257250,11557105,0bc5452802686eb927bea812dd40cf0ec17f410f8af8a8a1b8994341d1d72e2e,f4b4c5e254ee316602f5650092c3ed6f86b6bec4ffff37362e02e22ad0ceeda1,acbeea9458186bf72b314d31067907d76c7a051b0d7922f05fa5ab6331c60e97,01aa7d6+hoist-diff,strict Python dispatch,float64-int64,0.7450069160004205,0.592903146000026,7,1,6475609,418673797,3,8823210,630393175,3
after,tbb,1,M,code_aster,volume,257250,12459781,74053d41526052f8f6f97d3b463338efd8742a3d049c0d8936a13233074f99f4,10abc12dd13ca22319e89dd1b9ad612dfa83fddc80cf1117e9ac35838c35aaa9,acbeea9458186bf72b314d31067907d76c7a051b0d7922f05fa5ab6331c60e97,01aa7d6+hoist-diff,strict Python dispatch,float64-int64,0.3324415580009372,0.08755636100067932,7,1,2196869,468274973,3,140001,34685334,3
after,tbb,1,M,elmer,volume,257250,12246660,84bf7321fa6b46a170179baa93305283d4f63fd86dfe3c774cca28a6d00b671b,452d85b4332828631905192e3cb2367537a8407ee5175228551e8ef10624b72c,acbeea9458186bf72b314d31067907d76c7a051b0d7922f05fa5ab6331c60e97,01aa7d6+hoist-diff,strict Python dispatch,float64-int64,0.13628524500018102,0.10138229800031695,7,1,436462,86404168,3,771880,57926470,3
after,tbb,1,M,mphtxt,volume,257250,9119487,afed49307635dc8db33dd638d2a1d651bcf556b4f4aea8c0dde9fc03e9f11a08,2f9e46f2dd4e2f8ceaacaf4c4e1b7582db1aa84a545b0ed30d633afd03c63f51,acbeea9458186bf72b314d31067907d76c7a051b0d7922f05fa5ab6331c60e97,01aa7d6+hoist-diff,strict Python dispatch,float64-int64,0.04578829500132997,0.06838217099902977,7,1,132243,53998642,3,60,34810804,3
after,tbb,1,M,nastran,volume,257250,19235617,03e82f820a7a9e0ad28afcb0a4add8e753d08f858ef4854e86b0a808b92963a6,7ebad2d03334958bd26aab569ecaef1ee4ddddd2fa15f4f6dad27ca54c92ca35,acbeea9458186bf72b314d31067907d76c7a051b0d7922f05fa5ab6331c60e97,01aa7d6+hoist-diff,strict Python dispatch,float64-int64,0.38119546199959586,0.6555236050007807,7,1,6171676,437985879,3,1273960,60081162,3
after,tbb,1,M,netgen,volume,257250,10197802,f3961efac8ce30e46173f0bbe46cc2a910724e4c565d3735587b57ad05b01eba,5fc66b086299aa634cd7ba12037104a3f58aa160bdfdbf3bb25e021c66780427,acbeea9458186bf72b314d31067907d76c7a051b0d7922f05fa5ab6331c60e97,01aa7d6+hoist-diff,strict Python dispatch,float64-int64,0.09316431099978217,0.11619190799865464,7,1,1426323,131489540,3,257265,12356722,3
after,tbb,1,M,radioss,volume,257250,16432595,c5770d53599d3bd842a04d5f49f8cccdd352ee0909f3c67c2ae42ef6a7dedeba,043c6dad61b9b2c13a25464e7b560fe023929cbd368155a5340e5f3cedc7d4a4,acbeea9458186bf72b314d31067907d76c7a051b0d7922f05fa5ab6331c60e97,01aa7d6+hoist-diff,strict Python dispatch,float64-int64,0.48839845299880835,0.6658857599995827,7,1,4882847,437594874,3,1682302,196907625,3
after,tbb,1,M,su2,volume,257250,9940077,2a49df5a03a10be8d31db0577204e6627445958b179f3ccb0b21f7cad811b38b,6c21b70214f99cd6349bdb664c02323d09026d22daac814bb8fc49ebfaf47289,acbeea9458186bf72b314d31067907d76c7a051b0d7922f05fa5ab6331c60e97,01aa7d6+hoist-diff,strict Python dispatch,float64-int64,0.046044762999372324,0.1272939000009501,7,1,195,87452957,3,36,12886892,3
after,tbb,1,M,tecplot,volume,257250,8604743,ac59c8ffc6f0c40b59d86e65d6614b0a2234ca37439cc030bbb50584d6f6c299,532ce728e246a987153b3c13f1f8c54d0197df84c6b6a896e422190a30c1c04f,acbeea9458186bf72b314d31067907d76c7a051b0d7922f05fa5ab6331c60e97,01aa7d6+hoist-diff,strict Python dispatch,float64-int64,0.1272026909991837,0.0857487110006332,7,1,257406,83578963,3,848,9332119,3
after,tbb,1,M,unv,volume,257250,31698294,ba0e93253423934f2c36b233352457e2e6ced3fc2224e5522205082c05105e13,9f261c43cd69e59870163253f7fb5fdabdc97fa5383fe8b7f47719c55b3edabc,acbeea9458186bf72b314d31067907d76c7a051b0d7922f05fa5ab6331c60e97,01aa7d6+hoist-diff,strict Python dispatch,float64-int64,0.23224111099989386,0.30661192099978507,7,1,5494449,273918098,3,14,2440020,3
after,tbb,1,L,ansys,volume,998250,44508151,35e720a591a3556a64802ecbe280b9d9edf901de0ecf2e8c494b080b5f2d7399,f9206619e8bad1af37135672a702e3214e5f389faa946f48d518755ee739d657,acbeea9458186bf72b314d31067907d76c7a051b0d7922f05fa5ab6331c60e97,01aa7d6+hoist-diff,strict Python dispatch,float64-int64,3.5996268740000232,2.4690670070012857,7,1,25065419,1591601269,3,34133239,2442550187,3
after,tbb,1,L,code_aster,volume,998250,50743686,5d111f8c8b0188ad332ec66a79ceec5a028f4d928c7a79d6dde29c35c5f6f448,a6c1ab90618909845d63861225b578fa46d8de677758f5e8215762e030f0315f,acbeea9458186bf72b314d31067907d76c7a051b0d7922f05fa5ab6331c60e97,01aa7d6+hoist-diff,strict Python dispatch,float64-int64,1.7109718689989677,0.3490231199994014,7,1,8448317,1801368655,3,526883,137955416,3
after,tbb,1,L,elmer,volume,998250,50202237,580db4bbe523ae2578ff0077310f821a0c826c6f5b44f06e6322db60b52dbbc5,6cee3c0b05471e6a183115a6be6c6932d2cc191031e4d327c3863846ffff833a,acbeea9458186bf72b314d31067907d76c7a051b0d7922f05fa5ab6331c60e97,01aa7d6+hoist-diff,strict Python dispatch,float64-int64,0.6156802610003069,0.3916168470004777,7,1,1682288,342437112,3,2994884,229335898,3
after,tbb,1,L,mphtxt,volume,998250,37687784,0e9d1172a6523de989eb9f7ae504a2d9e36d295244b84096a0033a2957f9b7f1,9918137ab181995ba5b6ae1e3509ba4f5594c201ba353e3c2ae2debafe254c56,acbeea9458186bf72b314d31067907d76c7a051b0d7922f05fa5ab6331c60e97,01aa7d6+hoist-diff,strict Python dispatch,float64-int64,0.20364087799862318,0.2691873089988803,7,1,508075,176097564,3,62,138815646,3
after,tbb,1,L,nastran,volume,998250,74110697,a5dacec14a9a183c623c1d1419fd6bed62659dfdbb21226dcc22c2d7464f1d9d,c02213b0d99a00371d3f25a3a5532481754e4dd7e619ffdc48245579b27601b9,acbeea9458186bf72b314d31067907d76c7a051b0d7922f05fa5ab6331c60e97,01aa7d6+hoist-diff,strict Python dispatch,float64-int64,1.5332729689998814,2.567992899001183,7,1,23828820,1703386255,3,4962040,233691642,3
after,tbb,1,L,netgen,volume,998250,41575371,e93f275dc5893c4d59b7d4b155f6b30506979681178e196e734705c02b875146,0dde3ddd8d3ba3ed2d44551357e05edb6a33d8ff0c82a07ec8d6c632a37b3113,acbeea9458186bf72b314d31067907d76c7a051b0d7922f05fa5ab6331c60e97,01aa7d6+hoist-diff,strict Python dispatch,float64-int64,0.33522391999940737,0.44703028299954894,7,1,5518201,473771763,3,998265,47924722,3
after,tbb,1,L,radioss,volume,998250,63379755,246f1ec29a86f679e381965aef3bfc01d84feebdb2f5d8e0be7277ac98ed6350,7924a3ada46043a30ca4f095f4a6fc5afb7c5d14345968a64764d0fe5505b7fa,acbeea9458186bf72b314d31067907d76c7a051b0d7922f05fa5ab6331c60e97,01aa7d6+hoist-diff,strict Python dispatch,float64-int64,2.0681480879993615,2.6918407040011516,7,1,19246180,1664950937,3,6505062,777724075,3
after,tbb,1,L,su2,volume,998250,40576622,8c310f8407045ab04ad19739ec837bbe210243932cfd2a7f535d8416ffedbf49,782a843f88ecf881b105074a9f376e857bfb52b9ed3bdafb72a262026da03753,acbeea9458186bf72b314d31067907d76c7a051b0d7922f05fa5ab6331c60e97,01aa7d6+hoist-diff,strict Python dispatch,float64-int64,0.20256689699999697,0.48402727500069886,7,1,201,308005769,3,38,50940396,3
after,tbb,1,L,tecplot,volume,998250,35691064,a742c38dd2898c6063e4f7f8f34ebbe183321b8068b394aae992f49ccb71d68e,cf23317d0c7c5c1c9013cc59c7f606dad1823978dc78af4b24468b3a8e924121,acbeea9458186bf72b314d31067907d76c7a051b0d7922f05fa5ab6331c60e97,01aa7d6+hoist-diff,strict Python dispatch,float64-int64,0.5598498330000439,0.3324861820001388,7,1,998402,228623961,3,2329,27819606,3
after,tbb,1,L,unv,volume,998250,122368614,9f24a063b5af613dc1fea36fe42e4b17b8f3b4c041f3cc41f47982f0935e3b6f,867f496e8f8a04adabf09bb2a0fcbb9d58fe4cde88998eb8719ea04b5931e503,acbeea9458186bf72b314d31067907d76c7a051b0d7922f05fa5ab6331c60e97,01aa7d6+hoist-diff,strict Python dispatch,float64-int64,0.9055384099992807,1.2520920560000377,7,1,21249943,1067622642,3,14,9399700,3
before,tbb,4,M,ansys,volume,257250,11557105,0bc5452802686eb927bea812dd40cf0ec17f410f8af8a8a1b8994341d1d72e2e,f4b4c5e254ee316602f5650092c3ed6f86b6bec4ffff37362e02e22ad0ceeda1,d74c328b759f2fdde75d35d81470fccfc7d7e1aeb8f106b943dc9823904bc2cb,01aa7d6,strict Python dispatch,float64-int64,0.8101059820000955,0.35573483200096234,7,1,6475609,418673797,3,8823211,631886183,3
before,tbb,4,M,code_aster,volume,257250,12459781,74053d41526052f8f6f97d3b463338efd8742a3d049c0d8936a13233074f99f4,10abc12dd13ca22319e89dd1b9ad612dfa83fddc80cf1117e9ac35838c35aaa9,d74c328b759f2fdde75d35d81470fccfc7d7e1aeb8f106b943dc9823904bc2cb,01aa7d6,strict Python dispatch,float64-int64,0.37779395600045973,0.09093809200021497,7,1,2196869,468274973,3,140001,34685334,3
before,tbb,4,M,elmer,volume,257250,12246660,84bf7321fa6b46a170179baa93305283d4f63fd86dfe3c774cca28a6d00b671b,452d85b4332828631905192e3cb2367537a8407ee5175228551e8ef10624b72c,d74c328b759f2fdde75d35d81470fccfc7d7e1aeb8f106b943dc9823904bc2cb,01aa7d6,strict Python dispatch,float64-int64,0.1459408330010774,0.10323405899907812,7,1,436462,86404168,3,771880,57926470,3
before,tbb,4,M,mphtxt,volume,257250,9119487,afed49307635dc8db33dd638d2a1d651bcf556b4f4aea8c0dde9fc03e9f11a08,2f9e46f2dd4e2f8ceaacaf4c4e1b7582db1aa84a545b0ed30d633afd03c63f51,d74c328b759f2fdde75d35d81470fccfc7d7e1aeb8f106b943dc9823904bc2cb,01aa7d6,strict Python dispatch,float64-int64,0.045959160999700543,0.06919894400016346,7,1,132243,53998642,3,60,34810804,3
before,tbb,4,M,nastran,volume,257250,19235617,03e82f820a7a9e0ad28afcb0a4add8e753d08f858ef4854e86b0a808b92963a6,7ebad2d03334958bd26aab569ecaef1ee4ddddd2fa15f4f6dad27ca54c92ca35,d74c328b759f2fdde75d35d81470fccfc7d7e1aeb8f106b943dc9823904bc2cb,01aa7d6,strict Python dispatch,float64-int64,0.3940662870008964,0.6570434479999676,7,1,6171676,437985879,3,1273960,60081162,3
before,tbb,4,M,netgen,volume,257250,10197802,f3961efac8ce30e46173f0bbe46cc2a910724e4c565d3735587b57ad05b01eba,5fc66b086299aa634cd7ba12037104a3f58aa160bdfdbf3bb25e021c66780427,d74c328b759f2fdde75d35d81470fccfc7d7e1aeb8f106b943dc9823904bc2cb,01aa7d6,strict Python dispatch,float64-int64,0.09786461699877691,0.12779009000041697,7,1,1426323,131489540,3,257265,12356722,3
before,tbb,4,M,radioss,volume,257250,16432595,c5770d53599d3bd842a04d5f49f8cccdd352ee0909f3c67c2ae42ef6a7dedeba,043c6dad61b9b2c13a25464e7b560fe023929cbd368155a5340e5f3cedc7d4a4,d74c328b759f2fdde75d35d81470fccfc7d7e1aeb8f106b943dc9823904bc2cb,01aa7d6,strict Python dispatch,float64-int64,0.5236471429998346,0.6742390420004085,7,1,4882847,437594874,3,1682301,196907585,3
before,tbb,4,M,su2,volume,257250,9940077,2a49df5a03a10be8d31db0577204e6627445958b179f3ccb0b21f7cad811b38b,6c21b70214f99cd6349bdb664c02323d09026d22daac814bb8fc49ebfaf47289,d74c328b759f2fdde75d35d81470fccfc7d7e1aeb8f106b943dc9823904bc2cb,01aa7d6,strict Python dispatch,float64-int64,0.04831066800034023,0.1312576979998994,7,1,195,87452957,3,34,12886812,3
before,tbb,4,M,tecplot,volume,257250,8604743,ac59c8ffc6f0c40b59d86e65d6614b0a2234ca37439cc030bbb50584d6f6c299,532ce728e246a987153b3c13f1f8c54d0197df84c6b6a896e422190a30c1c04f,d74c328b759f2fdde75d35d81470fccfc7d7e1aeb8f106b943dc9823904bc2cb,01aa7d6,strict Python dispatch,float64-int64,0.1250290899988613,0.06715593600165448,7,1,257406,83578963,3,848,9332119,3
before,tbb,4,M,unv,volume,257250,31698294,ba0e93253423934f2c36b233352457e2e6ced3fc2224e5522205082c05105e13,9f261c43cd69e59870163253f7fb5fdabdc97fa5383fe8b7f47719c55b3edabc,d74c328b759f2fdde75d35d81470fccfc7d7e1aeb8f106b943dc9823904bc2cb,01aa7d6,strict Python dispatch,float64-int64,0.24555015999976604,0.3274246569999377,7,1,5494449,273918098,3,14,2440020,3
before,tbb,4,L,ansys,volume,998250,44508151,35e720a591a3556a64802ecbe280b9d9edf901de0ecf2e8c494b080b5f2d7399,f9206619e8bad1af37135672a702e3214e5f389faa946f48d518755ee739d657,d74c328b759f2fdde75d35d81470fccfc7d7e1aeb8f106b943dc9823904bc2cb,01aa7d6,strict Python dispatch,float64-int64,3.907906426999034,1.5857602539999789,7,1,25065419,1591601269,3,34133240,2448169947,3
before,tbb,4,L,code_aster,volume,998250,50743686,5d111f8c8b0188ad332ec66a79ceec5a028f4d928c7a79d6dde29c35c5f6f448,a6c1ab90618909845d63861225b578fa46d8de677758f5e8215762e030f0315f,d74c328b759f2fdde75d35d81470fccfc7d7e1aeb8f106b943dc9823904bc2cb,01aa7d6,strict Python dispatch,float64-int64,1.9729218459997355,0.3899700710007892,7,1,8448317,1801368655,3,526883,137955416,3
before,tbb,4,L,elmer,volume,998250,50202237,580db4bbe523ae2578ff0077310f821a0c826c6f5b44f06e6322db60b52dbbc5,6cee3c0b05471e6a183115a6be6c6932d2cc191031e4d327c3863846ffff833a,d74c328b759f2fdde75d35d81470fccfc7d7e1aeb8f106b943dc9823904bc2cb,01aa7d6,strict Python dispatch,float64-int64,0.6804444649988,0.42061309500058996,7,1,1682288,342437112,3,2994884,229335898,3
before,tbb,4,L,mphtxt,volume,998250,37687784,0e9d1172a6523de989eb9f7ae504a2d9e36d295244b84096a0033a2957f9b7f1,9918137ab181995ba5b6ae1e3509ba4f5594c201ba353e3c2ae2debafe254c56,d74c328b759f2fdde75d35d81470fccfc7d7e1aeb8f106b943dc9823904bc2cb,01aa7d6,strict Python dispatch,float64-int64,0.2004308369996579,0.2725293830008013,7,1,508075,176097564,3,62,138815646,3
before,tbb,4,L,nastran,volume,998250,74110697,a5dacec14a9a183c623c1d1419fd6bed62659dfdbb21226dcc22c2d7464f1d9d,c02213b0d99a00371d3f25a3a5532481754e4dd7e619ffdc48245579b27601b9,d74c328b759f2fdde75d35d81470fccfc7d7e1aeb8f106b943dc9823904bc2cb,01aa7d6,strict Python dispatch,float64-int64,1.590700996999658,2.553724606999822,7,1,23828820,1703386255,3,4962040,233691642,3
before,tbb,4,L,netgen,volume,998250,41575371,e93f275dc5893c4d59b7d4b155f6b30506979681178e196e734705c02b875146,0dde3ddd8d3ba3ed2d44551357e05edb6a33d8ff0c82a07ec8d6c632a37b3113,d74c328b759f2fdde75d35d81470fccfc7d7e1aeb8f106b943dc9823904bc2cb,01aa7d6,strict Python dispatch,float64-int64,0.37486215100034315,0.4612822170001891,7,1,5518201,473771763,3,998265,47924722,3
before,tbb,4,L,radioss,volume,998250,63379755,246f1ec29a86f679e381965aef3bfc01d84feebdb2f5d8e0be7277ac98ed6350,7924a3ada46043a30ca4f095f4a6fc5afb7c5d14345968a64764d0fe5505b7fa,d74c328b759f2fdde75d35d81470fccfc7d7e1aeb8f106b943dc9823904bc2cb,01aa7d6,strict Python dispatch,float64-int64,2.3255738579991885,2.8302135720005026,7,1,19246180,1664950937,3,6505061,777724035,3
before,tbb,4,L,su2,volume,998250,40576622,8c310f8407045ab04ad19739ec837bbe210243932cfd2a7f535d8416ffedbf49,782a843f88ecf881b105074a9f376e857bfb52b9ed3bdafb72a262026da03753,d74c328b759f2fdde75d35d81470fccfc7d7e1aeb8f106b943dc9823904bc2cb,01aa7d6,strict Python dispatch,float64-int64,0.2230682160006836,0.5715162630003761,7,1,201,308005769,3,36,50940316,3
before,tbb,4,L,tecplot,volume,998250,35691064,a742c38dd2898c6063e4f7f8f34ebbe183321b8068b394aae992f49ccb71d68e,cf23317d0c7c5c1c9013cc59c7f606dad1823978dc78af4b24468b3a8e924121,d74c328b759f2fdde75d35d81470fccfc7d7e1aeb8f106b943dc9823904bc2cb,01aa7d6,strict Python dispatch,float64-int64,0.7313203409994458,0.2726871589984512,7,1,998402,228623961,3,2329,27819606,3
before,tbb,4,L,unv,volume,998250,122368614,9f24a063b5af613dc1fea36fe42e4b17b8f3b4c041f3cc41f47982f0935e3b6f,867f496e8f8a04adabf09bb2a0fcbb9d58fe4cde88998eb8719ea04b5931e503,d74c328b759f2fdde75d35d81470fccfc7d7e1aeb8f106b943dc9823904bc2cb,01aa7d6,strict Python dispatch,float64-int64,0.9438324839993584,1.2770471599997109,7,1,21249943,1067622642,3,14,9399700,3
after,tbb,4,M,ansys,volume,257250,11557105,0bc5452802686eb927bea812dd40cf0ec17f410f8af8a8a1b8994341d1d72e2e,f4b4c5e254ee316602f5650092c3ed6f86b6bec4ffff37362e02e22ad0ceeda1,acbeea9458186bf72b314d31067907d76c7a051b0d7922f05fa5ab6331c60e97,01aa7d6+hoist-diff,strict Python dispatch,float64-int64,0.782286646999637,0.3702647230002185,7,1,6475609,418673797,3,8823212,631886223,3
after,tbb,4,M,code_aster,volume,257250,12459781,74053d41526052f8f6f97d3b463338efd8742a3d049c0d8936a13233074f99f4,10abc12dd13ca22319e89dd1b9ad612dfa83fddc80cf1117e9ac35838c35aaa9,acbeea9458186bf72b314d31067907d76c7a051b0d7922f05fa5ab6331c60e97,01aa7d6+hoist-diff,strict Python dispatch,float64-int64,0.37646126999970875,0.09749769100017147,7,1,2196869,468274973,3,140001,34685334,3
after,tbb,4,M,elmer,volume,257250,12246660,84bf7321fa6b46a170179baa93305283d4f63fd86dfe3c774cca28a6d00b671b,452d85b4332828631905192e3cb2367537a8407ee5175228551e8ef10624b72c,acbeea9458186bf72b314d31067907d76c7a051b0d7922f05fa5ab6331c60e97,01aa7d6+hoist-diff,strict Python dispatch,float64-int64,0.15123912200033374,0.10423149300004297,7,1,436462,86404168,3,771880,57926470,3
after,tbb,4,M,mphtxt,volume,257250,9119487,afed49307635dc8db33dd638d2a1d651bcf556b4f4aea8c0dde9fc03e9f11a08,2f9e46f2dd4e2f8ceaacaf4c4e1b7582db1aa84a545b0ed30d633afd03c63f51,acbeea9458186bf72b314d31067907d76c7a051b0d7922f05fa5ab6331c60e97,01aa7d6+hoist-diff,strict Python dispatch,float64-int64,0.045976658000654425,0.06929296500129567,7,1,132243,53998642,3,60,34810804,3
after,tbb,4,M,nastran,volume,257250,19235617,03e82f820a7a9e0ad28afcb0a4add8e753d08f858ef4854e86b0a808b92963a6,7ebad2d03334958bd26aab569ecaef1ee4ddddd2fa15f4f6dad27ca54c92ca35,acbeea9458186bf72b314d31067907d76c7a051b0d7922f05fa5ab6331c60e97,01aa7d6+hoist-diff,strict Python dispatch,float64-int64,0.38012209000044095,0.6683396560001711,7,1,6171676,437985879,3,1273960,60081162,3
after,tbb,4,M,netgen,volume,257250,10197802,f3961efac8ce30e46173f0bbe46cc2a910724e4c565d3735587b57ad05b01eba,5fc66b086299aa634cd7ba12037104a3f58aa160bdfdbf3bb25e021c66780427,acbeea9458186bf72b314d31067907d76c7a051b0d7922f05fa5ab6331c60e97,01aa7d6+hoist-diff,strict Python dispatch,float64-int64,0.08694975800062821,0.11807860000044457,7,1,1426323,131489540,3,257265,12356722,3
after,tbb,4,M,radioss,volume,257250,16432595,c5770d53599d3bd842a04d5f49f8cccdd352ee0909f3c67c2ae42ef6a7dedeba,043c6dad61b9b2c13a25464e7b560fe023929cbd368155a5340e5f3cedc7d4a4,acbeea9458186bf72b314d31067907d76c7a051b0d7922f05fa5ab6331c60e97,01aa7d6+hoist-diff,strict Python dispatch,float64-int64,0.5172842409992882,0.699966783000491,7,1,4882847,437594874,3,1682302,196907625,3
after,tbb,4,M,su2,volume,257250,9940077,2a49df5a03a10be8d31db0577204e6627445958b179f3ccb0b21f7cad811b38b,6c21b70214f99cd6349bdb664c02323d09026d22daac814bb8fc49ebfaf47289,acbeea9458186bf72b314d31067907d76c7a051b0d7922f05fa5ab6331c60e97,01aa7d6+hoist-diff,strict Python dispatch,float64-int64,0.051371708999795374,0.12684598299892968,7,1,195,87452957,3,36,12886892,3
after,tbb,4,M,tecplot,volume,257250,8604743,ac59c8ffc6f0c40b59d86e65d6614b0a2234ca37439cc030bbb50584d6f6c299,532ce728e246a987153b3c13f1f8c54d0197df84c6b6a896e422190a30c1c04f,acbeea9458186bf72b314d31067907d76c7a051b0d7922f05fa5ab6331c60e97,01aa7d6+hoist-diff,strict Python dispatch,float64-int64,0.13123687799998152,0.06407044799925643,7,1,257406,83578963,3,848,9332119,3
after,tbb,4,M,unv,volume,257250,31698294,ba0e93253423934f2c36b233352457e2e6ced3fc2224e5522205082c05105e13,9f261c43cd69e59870163253f7fb5fdabdc97fa5383fe8b7f47719c55b3edabc,acbeea9458186bf72b314d31067907d76c7a051b0d7922f05fa5ab6331c60e97,01aa7d6+hoist-diff,strict Python dispatch,float64-int64,0.22850086099970213,0.3073606400012068,7,1,5494449,273918098,3,14,2440020,3
after,tbb,4,L,ansys,volume,998250,44508151,35e720a591a3556a64802ecbe280b9d9edf901de0ecf2e8c494b080b5f2d7399,f9206619e8bad1af37135672a702e3214e5f389faa946f48d518755ee739d657,acbeea9458186bf72b314d31067907d76c7a051b0d7922f05fa5ab6331c60e97,01aa7d6+hoist-diff,strict Python dispatch,float64-int64,3.7308846010000707,1.441775694998796,7,1,25065419,1591601269,3,34133241,2448169987,3
after,tbb,4,L,code_aster,volume,998250,50743686,5d111f8c8b0188ad332ec66a79ceec5a028f4d928c7a79d6dde29c35c5f6f448,a6c1ab90618909845d63861225b578fa46d8de677758f5e8215762e030f0315f,acbeea9458186bf72b314d31067907d76c7a051b0d7922f05fa5ab6331c60e97,01aa7d6+hoist-diff,strict Python dispatch,float64-int64,1.9536547120005707,0.3589795550014969,7,1,8448317,1801368655,3,526883,137955416,3
after,tbb,4,L,elmer,volume,998250,50202237,580db4bbe523ae2578ff0077310f821a0c826c6f5b44f06e6322db60b52dbbc5,6cee3c0b05471e6a183115a6be6c6932d2cc191031e4d327c3863846ffff833a,acbeea9458186bf72b314d31067907d76c7a051b0d7922f05fa5ab6331c60e97,01aa7d6+hoist-diff,strict Python dispatch,float64-int64,0.7675454600012017,0.4356367210002645,7,1,1682288,342437112,3,2994884,229335898,3
after,tbb,4,L,mphtxt,volume,998250,37687784,0e9d1172a6523de989eb9f7ae504a2d9e36d295244b84096a0033a2957f9b7f1,9918137ab181995ba5b6ae1e3509ba4f5594c201ba353e3c2ae2debafe254c56,acbeea9458186bf72b314d31067907d76c7a051b0d7922f05fa5ab6331c60e97,01aa7d6+hoist-diff,strict Python dispatch,float64-int64,0.21383181899909687,0.2953956419987662,7,1,508075,176097564,3,62,138815646,3
after,tbb,4,L,nastran,volume,998250,74110697,a5dacec14a9a183c623c1d1419fd6bed62659dfdbb21226dcc22c2d7464f1d9d,c02213b0d99a00371d3f25a3a5532481754e4dd7e619ffdc48245579b27601b9,acbeea9458186bf72b314d31067907d76c7a051b0d7922f05fa5ab6331c60e97,01aa7d6+hoist-diff,strict Python dispatch,float64-int64,1.560170927999934,2.5759892109999782,7,1,23828820,1703386255,3,4962040,233691642,3
after,tbb,4,L,netgen,volume,998250,41575371,e93f275dc5893c4d59b7d4b155f6b30506979681178e196e734705c02b875146,0dde3ddd8d3ba3ed2d44551357e05edb6a33d8ff0c82a07ec8d6c632a37b3113,acbeea9458186bf72b314d31067907d76c7a051b0d7922f05fa5ab6331c60e97,01aa7d6+hoist-diff,strict Python dispatch,float64-int64,0.35080453800037503,0.4775595439987228,7,1,5518201,473771763,3,998265,47924722,3
after,tbb,4,L,radioss,volume,998250,63379755,246f1ec29a86f679e381965aef3bfc01d84feebdb2f5d8e0be7277ac98ed6350,7924a3ada46043a30ca4f095f4a6fc5afb7c5d14345968a64764d0fe5505b7fa,acbeea9458186bf72b314d31067907d76c7a051b0d7922f05fa5ab6331c60e97,01aa7d6+hoist-diff,strict Python dispatch,float64-int64,2.276453186999788,2.8680481200008217,7,1,19246180,1664950937,3,6505062,777724075,3
after,tbb,4,L,su2,volume,998250,40576622,8c310f8407045ab04ad19739ec837bbe210243932cfd2a7f535d8416ffedbf49,782a843f88ecf881b105074a9f376e857bfb52b9ed3bdafb72a262026da03753,acbeea9458186bf72b314d31067907d76c7a051b0d7922f05fa5ab6331c60e97,01aa7d6+hoist-diff,strict Python dispatch,float64-int64,0.22127574199839728,0.5203520659997594,7,1,201,308005769,3,38,50940396,3
after,tbb,4,L,tecplot,volume,998250,35691064,a742c38dd2898c6063e4f7f8f34ebbe183321b8068b394aae992f49ccb71d68e,cf23317d0c7c5c1c9013cc59c7f606dad1823978dc78af4b24468b3a8e924121,acbeea9458186bf72b314d31067907d76c7a051b0d7922f05fa5ab6331c60e97,01aa7d6+hoist-diff,strict Python dispatch,float64-int64,0.7010631199991622,0.26105034800093563,7,1,998402,228623961,3,2329,27819606,3
after,tbb,4,L,unv,volume,998250,122368614,9f24a063b5af613dc1fea36fe42e4b17b8f3b4c041f3cc41f47982f0935e3b6f,867f496e8f8a04adabf09bb2a0fcbb9d58fe4cde88998eb8719ea04b5931e503,acbeea9458186bf72b314d31067907d76c7a051b0d7922f05fa5ab6331c60e97,01aa7d6+hoist-diff,strict Python dispatch,float64-int64,0.9156135480006924,1.2354968879990338,7,1,21249943,1067622642,3,14,9399700,3
before,tbb,8,M,ansys,volume,257250,11557105,0bc5452802686eb927bea812dd40cf0ec17f410f8af8a8a1b8994341d1d72e2e,f4b4c5e254ee316602f5650092c3ed6f86b6bec4ffff37362e02e22ad0ceeda1,d74c328b759f2fdde75d35d81470fccfc7d7e1aeb8f106b943dc9823904bc2cb,01aa7d6,strict Python dispatch,float64-int64,0.812892321999243,0.3486090129990771,7,1,6475609,418673797,3,8823211,633379207,3
before,tbb,8,M,code_aster,volume,257250,12459781,74053d41526052f8f6f97d3b463338efd8742a3d049c0d8936a13233074f99f4,10abc12dd13ca22319e89dd1b9ad612dfa83fddc80cf1117e9ac35838c35aaa9,d74c328b759f2fdde75d35d81470fccfc7d7e1aeb8f106b943dc9823904bc2cb,01aa7d6,strict Python dispatch,float64-int64,0.366861536000215,0.09039391099940985,7,1,2196869,468274973,3,140001,34685334,3
before,tbb,8,M,elmer,volume,257250,12246660,84bf7321fa6b46a170179baa93305283d4f63fd86dfe3c774cca28a6d00b671b,452d85b4332828631905192e3cb2367537a8407ee5175228551e8ef10624b72c,d74c328b759f2fdde75d35d81470fccfc7d7e1aeb8f106b943dc9823904bc2cb,01aa7d6,strict Python dispatch,float64-int64,0.14132594100010465,0.10450395100087917,7,1,436462,86404168,3,771880,57926470,3
before,tbb,8,M,mphtxt,volume,257250,9119487,afed49307635dc8db33dd638d2a1d651bcf556b4f4aea8c0dde9fc03e9f11a08,2f9e46f2dd4e2f8ceaacaf4c4e1b7582db1aa84a545b0ed30d633afd03c63f51,d74c328b759f2fdde75d35d81470fccfc7d7e1aeb8f106b943dc9823904bc2cb,01aa7d6,strict Python dispatch,float64-int64,0.04130858300050022,0.06747022900162847,7,1,132243,53998642,3,60,34810804,3
before,tbb,8,M,nastran,volume,257250,19235617,03e82f820a7a9e0ad28afcb0a4add8e753d08f858ef4854e86b0a808b92963a6,7ebad2d03334958bd26aab569ecaef1ee4ddddd2fa15f4f6dad27ca54c92ca35,d74c328b759f2fdde75d35d81470fccfc7d7e1aeb8f106b943dc9823904bc2cb,01aa7d6,strict Python dispatch,float64-int64,0.4122836370006553,0.6815022700011468,7,1,6171676,437985879,3,1273960,60081162,3
before,tbb,8,M,netgen,volume,257250,10197802,f3961efac8ce30e46173f0bbe46cc2a910724e4c565d3735587b57ad05b01eba,5fc66b086299aa634cd7ba12037104a3f58aa160bdfdbf3bb25e021c66780427,d74c328b759f2fdde75d35d81470fccfc7d7e1aeb8f106b943dc9823904bc2cb,01aa7d6,strict Python dispatch,float64-int64,0.0976980219984398,0.11541244399995776,7,1,1426323,131489540,3,257265,12356722,3
before,tbb,8,M,radioss,volume,257250,16432595,c5770d53599d3bd842a04d5f49f8cccdd352ee0909f3c67c2ae42ef6a7dedeba,043c6dad61b9b2c13a25464e7b560fe023929cbd368155a5340e5f3cedc7d4a4,d74c328b759f2fdde75d35d81470fccfc7d7e1aeb8f106b943dc9823904bc2cb,01aa7d6,strict Python dispatch,float64-int64,0.5520417469997483,0.6984203060001164,7,1,4882847,437594874,3,1682301,196907585,3
before,tbb,8,M,su2,volume,257250,9940077,2a49df5a03a10be8d31db0577204e6627445958b179f3ccb0b21f7cad811b38b,6c21b70214f99cd6349bdb664c02323d09026d22daac814bb8fc49ebfaf47289,d74c328b759f2fdde75d35d81470fccfc7d7e1aeb8f106b943dc9823904bc2cb,01aa7d6,strict Python dispatch,float64-int64,0.05317334800020035,0.13293322900062776,7,1,195,87452957,3,34,12886812,3
before,tbb,8,M,tecplot,volume,257250,8604743,ac59c8ffc6f0c40b59d86e65d6614b0a2234ca37439cc030bbb50584d6f6c299,532ce728e246a987153b3c13f1f8c54d0197df84c6b6a896e422190a30c1c04f,d74c328b759f2fdde75d35d81470fccfc7d7e1aeb8f106b943dc9823904bc2cb,01aa7d6,strict Python dispatch,float64-int64,0.13249218900091364,0.07224190499982797,7,1,257406,83578963,3,848,9332119,3
before,tbb,8,M,unv,volume,257250,31698294,ba0e93253423934f2c36b233352457e2e6ced3fc2224e5522205082c05105e13,9f261c43cd69e59870163253f7fb5fdabdc97fa5383fe8b7f47719c55b3edabc,d74c328b759f2fdde75d35d81470fccfc7d7e1aeb8f106b943dc9823904bc2cb,01aa7d6,strict Python dispatch,float64-int64,0.24105494499963243,0.34332593100043596,7,1,5494449,273918098,3,14,2440020,3
before,tbb,8,L,ansys,volume,998250,44508151,35e720a591a3556a64802ecbe280b9d9edf901de0ecf2e8c494b080b5f2d7399,f9206619e8bad1af37135672a702e3214e5f389faa946f48d518755ee739d657,d74c328b759f2fdde75d35d81470fccfc7d7e1aeb8f106b943dc9823904bc2cb,01aa7d6,strict Python dispatch,float64-int64,3.5917427050007973,1.4551033930001722,7,1,25065419,1591601269,3,34133240,2453789691,3
before,tbb,8,L,code_aster,volume,998250,50743686,5d111f8c8b0188ad332ec66a79ceec5a028f4d928c7a79d6dde29c35c5f6f448,a6c1ab90618909845d63861225b578fa46d8de677758f5e8215762e030f0315f,d74c328b759f2fdde75d35d81470fccfc7d7e1aeb8f106b943dc9823904bc2cb,01aa7d6,strict Python dispatch,float64-int64,1.8060767879997002,0.35625639099998807,7,1,8448317,1801368655,3,526883,137955416,3
before,tbb,8,L,elmer,volume,998250,50202237,580db4bbe523ae2578ff0077310f821a0c826c6f5b44f06e6322db60b52dbbc5,6cee3c0b05471e6a183115a6be6c6932d2cc191031e4d327c3863846ffff833a,d74c328b759f2fdde75d35d81470fccfc7d7e1aeb8f106b943dc9823904bc2cb,01aa7d6,strict Python dispatch,float64-int64,0.6645906129997456,0.41082848199948785,7,1,1682288,342437112,3,2994884,229335898,3
before,tbb,8,L,mphtxt,volume,998250,37687784,0e9d1172a6523de989eb9f7ae504a2d9e36d295244b84096a0033a2957f9b7f1,9918137ab181995ba5b6ae1e3509ba4f5594c201ba353e3c2ae2debafe254c56,d74c328b759f2fdde75d35d81470fccfc7d7e1aeb8f106b943dc9823904bc2cb,01aa7d6,strict Python dispatch,float64-int64,0.195392940999227,0.2709254609999334,7,1,508075,176097564,3,62,138815646,3
before,tbb,8,L,nastran,volume,998250,74110697,a5dacec14a9a183c623c1d1419fd6bed62659dfdbb21226dcc22c2d7464f1d9d,c02213b0d99a00371d3f25a3a5532481754e4dd7e619ffdc48245579b27601b9,d74c328b759f2fdde75d35d81470fccfc7d7e1aeb8f106b943dc9823904bc2cb,01aa7d6,strict Python dispatch,float64-int64,1.586110952999661,2.5661418510007934,7,1,23828820,1703386255,3,4962040,233691642,3
before,tbb,8,L,netgen,volume,998250,41575371,e93f275dc5893c4d59b7d4b155f6b30506979681178e196e734705c02b875146,0dde3ddd8d3ba3ed2d44551357e05edb6a33d8ff0c82a07ec8d6c632a37b3113,d74c328b759f2fdde75d35d81470fccfc7d7e1aeb8f106b943dc9823904bc2cb,01aa7d6,strict Python dispatch,float64-int64,0.37258491899956425,0.47324748800019734,7,1,5518201,473771763,3,998265,47924722,3
before,tbb,8,L,radioss,volume,998250,63379755,246f1ec29a86f679e381965aef3bfc01d84feebdb2f5d8e0be7277ac98ed6350,7924a3ada46043a30ca4f095f4a6fc5afb7c5d14345968a64764d0fe5505b7fa,d74c328b759f2fdde75d35d81470fccfc7d7e1aeb8f106b943dc9823904bc2cb,01aa7d6,strict Python dispatch,float64-int64,2.261423283000113,2.721811338000407,7,1,19246180,1664950937,3,6505061,777724035,3
before,tbb,8,L,su2,volume,998250,40576622,8c310f8407045ab04ad19739ec837bbe210243932cfd2a7f535d8416ffedbf49,782a843f88ecf881b105074a9f376e857bfb52b9ed3bdafb72a262026da03753,d74c328b759f2fdde75d35d81470fccfc7d7e1aeb8f106b943dc9823904bc2cb,01aa7d6,strict Python dispatch,float64-int64,0.1998786010008189,0.5160107370011247,7,1,201,308005769,3,36,50940316,3
before,tbb,8,L,tecplot,volume,998250,35691064,a742c38dd2898c6063e4f7f8f34ebbe183321b8068b394aae992f49ccb71d68e,cf23317d0c7c5c1c9013cc59c7f606dad1823978dc78af4b24468b3a8e924121,d74c328b759f2fdde75d35d81470fccfc7d7e1aeb8f106b943dc9823904bc2cb,01aa7d6,strict Python dispatch,float64-int64,0.6121700040002906,0.2584743450006499,7,1,998402,228623961,3,2329,27819606,3
before,tbb,8,L,unv,volume,998250,122368614,9f24a063b5af613dc1fea36fe42e4b17b8f3b4c041f3cc41f47982f0935e3b6f,867f496e8f8a04adabf09bb2a0fcbb9d58fe4cde88998eb8719ea04b5931e503,d74c328b759f2fdde75d35d81470fccfc7d7e1aeb8f106b943dc9823904bc2cb,01aa7d6,strict Python dispatch,float64-int64,0.9099984610002139,1.2147543809987837,7,1,21249943,1067622642,3,14,9399700,3
after,tbb,8,M,ansys,volume,257250,11557105,0bc5452802686eb927bea812dd40cf0ec17f410f8af8a8a1b8994341d1d72e2e,f4b4c5e254ee316602f5650092c3ed6f86b6bec4ffff37362e02e22ad0ceeda1,acbeea9458186bf72b314d31067907d76c7a051b0d7922f05fa5ab6331c60e97,01aa7d6+hoist-diff,strict Python dispatch,float64-int64,0.7758451760000753,0.3446087020001869,7,1,6475609,418673797,3,8823212,633379247,3
after,tbb,8,M,code_aster,volume,257250,12459781,74053d41526052f8f6f97d3b463338efd8742a3d049c0d8936a13233074f99f4,10abc12dd13ca22319e89dd1b9ad612dfa83fddc80cf1117e9ac35838c35aaa9,acbeea9458186bf72b314d31067907d76c7a051b0d7922f05fa5ab6331c60e97,01aa7d6+hoist-diff,strict Python dispatch,float64-int64,0.3690769380009442,0.09022821100006695,7,1,2196869,468274973,3,140001,34685334,3
after,tbb,8,M,elmer,volume,257250,12246660,84bf7321fa6b46a170179baa93305283d4f63fd86dfe3c774cca28a6d00b671b,452d85b4332828631905192e3cb2367537a8407ee5175228551e8ef10624b72c,acbeea9458186bf72b314d31067907d76c7a051b0d7922f05fa5ab6331c60e97,01aa7d6+hoist-diff,strict Python dispatch,float64-int64,0.1477887239998381,0.10455850600010308,7,1,436462,86404168,3,771880,57926470,3
after,tbb,8,M,mphtxt,volume,257250,9119487,afed49307635dc8db33dd638d2a1d651bcf556b4f4aea8c0dde9fc03e9f11a08,2f9e46f2dd4e2f8ceaacaf4c4e1b7582db1aa84a545b0ed30d633afd03c63f51,acbeea9458186bf72b314d31067907d76c7a051b0d7922f05fa5ab6331c60e97,01aa7d6+hoist-diff,strict Python dispatch,float64-int64,0.047912969001117744,0.07248177099972963,7,1,132243,53998642,3,60,34810804,3
after,tbb,8,M,nastran,volume,257250,19235617,03e82f820a7a9e0ad28afcb0a4add8e753d08f858ef4854e86b0a808b92963a6,7ebad2d03334958bd26aab569ecaef1ee4ddddd2fa15f4f6dad27ca54c92ca35,acbeea9458186bf72b314d31067907d76c7a051b0d7922f05fa5ab6331c60e97,01aa7d6+hoist-diff,strict Python dispatch,float64-int64,0.40159407800092595,0.664339466000456,7,1,6171676,437985879,3,1273960,60081162,3
after,tbb,8,M,netgen,volume,257250,10197802,f3961efac8ce30e46173f0bbe46cc2a910724e4c565d3735587b57ad05b01eba,5fc66b086299aa634cd7ba12037104a3f58aa160bdfdbf3bb25e021c66780427,acbeea9458186bf72b314d31067907d76c7a051b0d7922f05fa5ab6331c60e97,01aa7d6+hoist-diff,strict Python dispatch,float64-int64,0.09024632399996335,0.12327591099892743,7,1,1426323,131489540,3,257265,12356722,3
after,tbb,8,M,radioss,volume,257250,16432595,c5770d53599d3bd842a04d5f49f8cccdd352ee0909f3c67c2ae42ef6a7dedeba,043c6dad61b9b2c13a25464e7b560fe023929cbd368155a5340e5f3cedc7d4a4,acbeea9458186bf72b314d31067907d76c7a051b0d7922f05fa5ab6331c60e97,01aa7d6+hoist-diff,strict Python dispatch,float64-int64,0.5638678390005225,0.6963186510001833,7,1,4882847,437594874,3,1682302,196907625,3
after,tbb,8,M,su2,volume,257250,9940077,2a49df5a03a10be8d31db0577204e6627445958b179f3ccb0b21f7cad811b38b,6c21b70214f99cd6349bdb664c02323d09026d22daac814bb8fc49ebfaf47289,acbeea9458186bf72b314d31067907d76c7a051b0d7922f05fa5ab6331c60e97,01aa7d6+hoist-diff,strict Python dispatch,float64-int64,0.05060581999896385,0.13215358900015417,7,1,195,87452957,3,36,12886892,3
after,tbb,8,M,tecplot,volume,257250,8604743,ac59c8ffc6f0c40b59d86e65d6614b0a2234ca37439cc030bbb50584d6f6c299,532ce728e246a987153b3c13f1f8c54d0197df84c6b6a896e422190a30c1c04f,acbeea9458186bf72b314d31067907d76c7a051b0d7922f05fa5ab6331c60e97,01aa7d6+hoist-diff,strict Python dispatch,float64-int64,0.14003994499944383,0.06549457300025097,7,1,257406,83578963,3,848,9332119,3
after,tbb,8,M,unv,volume,257250,31698294,ba0e93253423934f2c36b233352457e2e6ced3fc2224e5522205082c05105e13,9f261c43cd69e59870163253f7fb5fdabdc97fa5383fe8b7f47719c55b3edabc,acbeea9458186bf72b314d31067907d76c7a051b0d7922f05fa5ab6331c60e97,01aa7d6+hoist-diff,strict Python dispatch,float64-int64,0.24069014599990624,0.3279990139999427,7,1,5494449,273918098,3,14,2440020,3
after,tbb,8,L,ansys,volume,998250,44508151,35e720a591a3556a64802ecbe280b9d9edf901de0ecf2e8c494b080b5f2d7399,f9206619e8bad1af37135672a702e3214e5f389faa946f48d518755ee739d657,acbeea9458186bf72b314d31067907d76c7a051b0d7922f05fa5ab6331c60e97,01aa7d6+hoist-diff,strict Python dispatch,float64-int64,3.6109129579999717,1.4453106969995133,7,1,25065419,1591601269,3,34133241,2453789731,3
after,tbb,8,L,code_aster,volume,998250,50743686,5d111f8c8b0188ad332ec66a79ceec5a028f4d928c7a79d6dde29c35c5f6f448,a6c1ab90618909845d63861225b578fa46d8de677758f5e8215762e030f0315f,acbeea9458186bf72b314d31067907d76c7a051b0d7922f05fa5ab6331c60e97,01aa7d6+hoist-diff,strict Python dispatch,float64-int64,1.7839263140012918,0.3491840909991879,7,1,8448317,1801368655,3,526883,137955416,3
after,tbb,8,L,elmer,volume,998250,50202237,580db4bbe523ae2578ff0077310f821a0c826c6f5b44f06e6322db60b52dbbc5,6cee3c0b05471e6a183115a6be6c6932d2cc191031e4d327c3863846ffff833a,acbeea9458186bf72b314d31067907d76c7a051b0d7922f05fa5ab6331c60e97,01aa7d6+hoist-diff,strict Python dispatch,float64-int64,0.7332739689991286,0.4091564730006212,7,1,1682288,342437112,3,2994884,229335898,3
after,tbb,8,L,mphtxt,volume,998250,37687784,0e9d1172a6523de989eb9f7ae504a2d9e36d295244b84096a0033a2957f9b7f1,9918137ab181995ba5b6ae1e3509ba4f5594c201ba353e3c2ae2debafe254c56,acbeea9458186bf72b314d31067907d76c7a051b0d7922f05fa5ab6331c60e97,01aa7d6+hoist-diff,strict Python dispatch,float64-int64,0.20846290800000133,0.2734275089987932,7,1,508075,176097564,3,62,138815646,3
after,tbb,8,L,nastran,volume,998250,74110697,a5dacec14a9a183c623c1d1419fd6bed62659dfdbb21226dcc22c2d7464f1d9d,c02213b0d99a00371d3f25a3a5532481754e4dd7e619ffdc48245579b27601b9,acbeea9458186bf72b314d31067907d76c7a051b0d7922f05fa5ab6331c60e97,01aa7d6+hoist-diff,strict Python dispatch,float64-int64,1.584412637999776,2.5402558510013478,7,1,23828820,1703386255,3,4962040,233691642,3
after,tbb,8,L,netgen,volume,998250,41575371,e93f275dc5893c4d59b7d4b155f6b30506979681178e196e734705c02b875146,0dde3ddd8d3ba3ed2d44551357e05edb6a33d8ff0c82a07ec8d6c632a37b3113,acbeea9458186bf72b314d31067907d76c7a051b0d7922f05fa5ab6331c60e97,01aa7d6+hoist-diff,strict Python dispatch,float64-int64,0.34145617699869035,0.46877950800080725,7,1,5518201,473771763,3,998265,47924722,3
after,tbb,8,L,radioss,volume,998250,63379755,246f1ec29a86f679e381965aef3bfc01d84feebdb2f5d8e0be7277ac98ed6350,7924a3ada46043a30ca4f095f4a6fc5afb7c5d14345968a64764d0fe5505b7fa,acbeea9458186bf72b314d31067907d76c7a051b0d7922f05fa5ab6331c60e97,01aa7d6+hoist-diff,strict Python dispatch,float64-int64,2.301848009999958,2.6997695779991773,7,1,19246180,1664950937,3,6505062,777724075,3
after,tbb,8,L,su2,volume,998250,40576622,8c310f8407045ab04ad19739ec837bbe210243932cfd2a7f535d8416ffedbf49,782a843f88ecf881b105074a9f376e857bfb52b9ed3bdafb72a262026da03753,acbeea9458186bf72b314d31067907d76c7a051b0d7922f05fa5ab6331c60e97,01aa7d6+hoist-diff,strict Python dispatch,float64-int64,0.20228497999960382,0.48492418800015,7,1,201,308005769,3,38,50940396,3
after,tbb,8,L,tecplot,volume,998250,35691064,a742c38dd2898c6063e4f7f8f34ebbe183321b8068b394aae992f49ccb71d68e,cf23317d0c7c5c1c9013cc59c7f606dad1823978dc78af4b24468b3a8e924121,acbeea9458186bf72b314d31067907d76c7a051b0d7922f05fa5ab6331c60e97,01aa7d6+hoist-diff,strict Python dispatch,float64-int64,0.6132091600011336,0.24653829199996835,7,1,998402,228623961,3,2329,27819606,3
after,tbb,8,L,unv,volume,998250,122368614,9f24a063b5af613dc1fea36fe42e4b17b8f3b4c041f3cc41f47982f0935e3b6f,867f496e8f8a04adabf09bb2a0fcbb9d58fe4cde88998eb8719ea04b5931e503,acbeea9458186bf72b314d31067907d76c7a051b0d7922f05fa5ab6331c60e97,01aa7d6+hoist-diff,strict Python dispatch,float64-int64,0.9188390330000402,1.1867889000004652,7,1,21249943,1067622642,3,14,9399700,3
